ID,Sequence,Label
501,ASNFTQFVLVNDGGTGNVTVAPSNFANGVAEWISSNSRSQAYKVTCSVRQSSAQNRKYTIKVEVPKVATQTVGGVELPVAAWRSYLNLELTIPIFATNSDCELIVKAMQGLLKDGNPIPSAIAANSGIY,1
502,ASNFTQFVLVNDGGTGNVTVAPSNFANGVAEWISSNSRSQAYKVTCSVRQSSAQNRKYTIKVEVPKVATQTVGGVELPVAAWRSYLNMELTIPIFATNSDCELIVKAMQGLLKDGNPIPSAIAANSGIY,1
503,MAATHTLPLASPGMARICLYGDLQRFGRRIDLRVKTGAEAIRALATQLPAFRQKLSDGWYQVRIAGRDVSTSGLTAQLHETLPDGAVIHIVPRVAGAKSGGVFQIVLGAAAIAGSFFTAGATLAAWGAAIGAGGMTGILFSLGASMVLGGVAQMLAPKARTPRIQTTDNGKQNTYFSSLDNMVAQGNVLPVLYGEMRVGSRVVSQEISTADEGDGGQVVVIGR,0
504,MADLKVGSTTGGSVIWHQGNFPLNPAGDDVLYKSFKIYSEYNKPQAADNDFVSKANGGTYASKVTFNAGIQVPYAPNIMSPCGIYGGNGDGATFDKANIDIVSWYGVGFKSSFGSTGRTVVINTRNGDINTKGVVSAAGQVRSGAAAPIAANDLTRKDYVDGAINTVTANANSRVLRSGDTMTGNLTAPNFFSQNPASQPSHVPRFDQIVIKDSVQDFGYY,1
505,MADLKVGSTTGGSVIWHQGNFPLNPAGDDVLYKSFKIYSEYNKPQAADNDLVSKANGGTYLNRVIFNRGIQVPGAGNGLTGMFVGPGDGATYDNVNLDIISWYGIGFKSSQGTGPRTIVFNVRDGEISARGNINSQRQVRAEAAAPIAANDLTRKDYVDGAINTVTANANSRVLRSGDTMTGNLTAPNFFSQNPASQPSHVPRFDQIVIKDSVQDFGYY,1
506,MADLKVGSTTGGSVIWHQGNFPLNPAGDDVLYKSFKIYSEYNKPQATDNDFVSKANGGTKSQGFQKEVEFREGVKISATFSGGSDLNGLYSGNGDGASREKANMDLRSWYGIGIWNTCTGDGSGTHNSGLMPGVVHVETCWRLLFQTDNVISNASGPTGPAHLTRKDYVDGAINTVTANANSRVLRSGDTMTGNLTAPNFFSQNPASQPSHVPRFDQIVIKDSVQDFGYY,1
507,MADLKVGSTVGGSVIWHQGNFPLNSAGDDVLYKSFKIYSEYNKPQAADNDFVSKANGGTYTGPITINYGVNSYLQLSNNETPIRIRSGGGTGNTLVVGGSSGGISFRPAGSEITTGQITITPEGLTTFTRAVTAPSITVTSTPSAASDVTRKDYVDGAINTVTANANSRVLRSGDTMTGNLTAPNLFSQNPASQPSHVPRFDQIVIKDSVQDFGYY,1
508,MAEIKREFRAEDGLDAGGDKIINVALADRTVGTDGVNVDYLIQENTVQQYDPTRGYLKDFVIIYDNRFWAAINDIPKPAGAFNSGRWRALRTDANWITVSSGSYQLKSGEAISVNTAAGNDITFTLPSSPIDGDTIVLQDIGGKPGVNQVLIVAPVQSIVNFRGEQVRSVLMTHPKSQLVLIFSNRLWQMYVADYSREAIVVTPANTYQAQSNDFIVRRFTSAAPINVKLPRFANHGDIINFVDLDKLNPLYHTIVTTYDETTSVQEVGTHSIEGRTSIDGFLMFDDNEKLWRLFDGDSKARLRIITTNSNIRPNEEVMVFGANNGTTQTIELKLPTNISVGDTVKISMNYMRKGQTVKIKAADEDKIASSVQLLQFPKRSEYPPEAEWVTVQELVFNDETNYVPVLELAYIEDSDGKYWVVQQNVPTVERVDSLNDSTRARLGVIALATQAQANVDLENSPQKELAITPETLANRTATETRRGIARIATTAQVNQNTTFSFADDIIITPKKLNERTATETRRGVAEIATQQETNAGTDDTTIITPKKLQARQGSESLSGIVTFVSTAGATPASSRELNGTNVYNKNTDNLVVSPKALDQYKATPTQQGAVILAVESEVIAGQSQQGWANAVVTPETLHKKTSTDGRIGLIEIATQSEVNTGTDYTRAVTPKTLNDRRATESLSGIAEIATQVEFDAGVDDTRISTPLKIKTRFNSTDRTSVVALSGLVESGTLWDHYTLNILEANETQRGTLRVATQVEAAAGTLDNVLITPKKLLGTKSTEAQEGVIKVATQSETVTGTSANTAVSPKNLKWIAQSEPTWAATTAIRGFVKTSSGSITFVGNDTVGSTQDLELYEKNSYAVSPYELNRVLANYLPLKAKAADTNLLDGLDSSQFIRRDIAQTVNGSLTLTQQTNLSAPLVSSSTGEFGGSLAANRTFTIRNTGAPTSIVFEKGPASGANPAQSMSIRVWGNQFGGGSDTTRSTVFEVGDDTSHHFYSQRNKDGNIAFNINGTVMPININASGLMNVNGTATFGRSVTANGEFISKSANAFRAINGDYGFFIRNDASNTYFLLTAAGDQTGGFNGLRPLLINNQSGQITIGEGLIIAKGVTINSGGLTVNSRIRSQGTKTSDLYTRAPTSDTVGFWSIDINDSATYNQFPGYFKMVEKTNEVTGLPYLERGEEVKSPGTLTQFGNTLDSLYQDWITYPTTPEARTTRWTRTWQKTKNSWSSFVQVFDGGNPPQPSDIGALPSDNATMGNLTIRDFLRIGNVRIVPDPVNKTVKFEWVE,0
509,MAELLREQEVKIALIEWLYKKGMLSDATIINEMVVANWSRRADLAIANGSLQAFEIKSDFDSLKRLDGQLKIFKSSFEKVTIVCAPKFTSEVSKRVSSDVGVVEFQSNNSSVRFKIIQKGRVCSRLNKFVYLGFLLKSELKDLLNQYGITFSNELHRDCLEVLASKLSLNKIREFVITSIKNRYHATSNDFLSRLHGNQEISINDLALLSKAKRRNNSLVKFEFKACSEKSLNEYHKVDVDSIVRKYGDDVSYIPEKVLKRVVG,0
510,MAEQTERKLLLSRWGQLRTERESWMSHWKEISDYLLPRAGRFFVQDRNRGEKRHNNILDNTGTRALRVLAAGMMAGMTSPARPWFRLTTSIPELDESAAVKAWLANVTRLMLMIFAKSNTYRALHSMYEELGAFGTASSIVLPDFDAVVYHHSLTAGEYAIAADNQGRVNTLYREFQITVAQMVREFGKDKCSTTVQSLFDRGALEQWVTVIHAIEPRADRDPSKRDDRNMAWKSVYFEPGADETRTLRESGYRSFRALCPRWALVGGDIYGNSPAMEALGDVRQLQHEQLRKAQAIDYKSNPPLQLPVSAKNQDISTVPGGLSYVDAAAPNGGIRTAFEVNLDLSHLLADIVDVRERIKASFYADLFLMLANGTNPQMTATEVAERHEEKLLMLGPVLERMHNEILDPLIELTFQRMVEANILPPPPQEMQGVDLNVEFVSMLAQAQRAIATNSVDRFVGNLGAVAGIKPEVLDKFDADRWADTYADMLGIDPELIVPGNQVALIRKQRADQQQAAQQAALLNQGADTAAKLGSVDTSKQNALTDVTRAFSGYT,0
511,MAETEKERLLKQLAQLKNERTSFESHWLDLSDFINPRGSRFLTSDVNRDDRRNTKIVDPTGSMAQRILSSGMMSGITSPARPWFKLATPDPDMMDYGPVKIWLEVVQRRMNEVFNKSNLYQSLPVMYASLGTFGTGAMAVMEDDQDVIRTMPFPIGSYYLANSPRGSVDTCIRQFSMTVRQMVQEFGLDNVSTSVKGMWENGTYETWVEVNHCITPNVNRDSGKMDSKNKPYRSVYFESGGDSDKLLRESGFDEFPILAPRWEVNGEDVYASSCPGMLALGQVKALQVEQKRKAQLIDKATNPPMVAPTSLKNQRVSLLPGDVTYLDVISGQDGFKPAYLVNPNTADLLADIQDTRQTINSAYFVDLFMMLQNINTRSMPVEAVIEMKEEKLLMLGPVLERLNDEALNPLIDRVFSIMARKNMLPEPPDVLQGMPLRIEYISVMAQAQKSIGLTSLSQTVGFIGQLAQFKPEALDKLDVDQAIDAFSEMSGVSPTVIVPQEQVQGIREERAKQAQAAQAMAMGQAAAQGAKTLSETQTSDPSALTAIANAAGAPQQ,0
512,MAFPNIEQYPQISVDCESTGLEWYKEDRAFGVSIYLPTGDAEYYDIRKDRNAFHWMKDNLWKAKKIVNHNIKFDIHMLRATGINLNPANCECTMIRAALIDEHLLKYDLDSLLKKYLKMSKDNDIYADLAQIFGGQPTRKVQILNLHRAPVDLVARYANIDTEGAYKLWEWQEGEIERQDLHQVWQLERRLFRHIVEMERRGIRIDPNEANRRAEELDRVTAETVAELNRLAGFEVNPNPSGSIKKLFNPKQNEAGIWVARDGTPLPKTDSGAPSLGAKSLESMTDPCAKLILKARKLNKTKDTFIRGHVLGHAIQNGQDWFVHPNINQTKSDTGDGSEGTGTGRLSYTRPALQQIPSRDKEIASIVRPIFLPDRGQKWSYGDLDQHEFRIFAHYANPKDIIEAYAQNPDLDMHQIVADLTGMPRSATKAGEANAKQINLGMVFNMGAGELASQMGLPFTIESVDFGDHVHDLKKAGPETLEIVENYYAKVQGVKEMARKARTIAKSRGYVRTLMGRHIRFPRGMFTYKASGLIFQGTAGDLNKLNICNIAEYLESECPYNRLLLNIHDEYSVSLEDDGKEIKHLKELQGLVQHRPELRVPIRIDFSHPAPNWWLATRADLATK,0
513,MAHFNECAHLIEGVDKANRAYAENIMHNIDPLQVMLDMQRHLQIRLANDKPETNRHPDSLETAGEVLAWLRNQDDYIADETRELYTSLGGMSNGEKEASAVWKPWKKRYSEMQSKKIQDLSPEDQLEIKFELIDQFHFFMNKFIALGMSAEEIFKLYYLKNAENFARQDRGY,0
514,MAHFNECAHLIEGVDKAQNEYWDILGDEKDPLQVMLDMQRFLQIRLANVREYCYHPDKLETAGDVVSWMREQKDCIDDEFRELLTSLGEMSRGEKEASAVWKKWKARYIEAQEKRIDEMSPEDQLEIKFELVDIFHFVLNMFVGLGMNAEEIFKLYYLKNKHILNVKIMDIKQKFYRTYIVKVRTPKGVFWYAGKHESFIVNPYNDKYPGSGKILWNIYRKYGFNYKIRWSKCHGSREKSYEVERELISALKRKHPDTCINISPGGQGGEGRKWTEQQRLEHKLRLNNPETKTRMKNSQRIAQNRAERKARQSEVMKKFYSNGGNKKISEGTSRAQRKAPHWHEPLKSEIHELWVSLGKPATGPVVKALKGKYDVTSSALKNLIYLFRKEDV,0
515,MAHFNECAHLIEGVDKAQNEYWDILGDEKDPLQVMLDMQRFLQIRLANVREYCYHPDKLETAGDVVSWMREQKDCIDDEFRELLTSLGEMSRGEKEASAVWKKWKARYIEAQEKRIDEMSPEDQLEIKFELVDIFHFVLNMFVGLGMNAEEIFKLYYLKNKHNFERQDNGY,0
516,MAIFPRLENYSEVAIDTETTGLDWFRNDKPFGVAIALPNGYSEYYDIRKDLAAYQWLRDSVHKIRRAVNHNMKFDIHMLRKIDVHVNTRTAECTQIRAALINEHLMSYSLDSLAKKYLKAEKVDDIYEELAKLFGGPATRKAQAPNFHRAPESMMRRYAKVDAELALQLWQWQEEEIARQDLHEVWRLEMRLQPHVIESERVGIRVDEELAHKRIGDLTKIVDQTRKEINRLAGFEVNPNPSGSIKRLFEPYKEGDQWYAKDGTPIGTTDAGQPSLGADALKAIKHPAAGLILKCRKMIKTRDTFISGHVLGNIVDGYVHPNINQTKGETGGDDSGTEGTGTGRLSYTRPALQQIPSRDKEVAALVRPIFLPDEGQQWTYGDLDQHEFRIFAHYANPKSLIDAYTENPDLDMHQIVADMTGMPRSAPASGGANAKQINLAMVFNMGGGELASQMSLPYTWETATFKGESEARRFKKAGEEALAVMEKYYRAIPGVREVARQASSLAKSRGYVKTMYGRKIRFPGGMFTYKASGLVYQGTAADFNKRNICEIAEYIESECPHYRFLLNIHDEYSMSMVDEGDITVRHLKEMKRLVENKGLRVPIRIDFGGLAPNWWEATKMDAVTK,0
517,MAIFQIINESTPQVPKVKQSLNEKKWIQIGLEYKKAKAKGMTGKQFAEERGIKYSTFTSAMSKYASGIKTAEKIQKLESKPMNKLNKQERQLLMINSFRQTLRDKIRNEGAAINNKTRKWFAETIKQVKGHKVVRPQPGRIYAFAYDAKHKETLPYWDKFPLIIYLGLGKHNLMYGLNLHYIPPKARQQFLEELLKQYANTPTITNKTKLKIDWSQVKGFRGADQMIKAYIPGNIMGSLVEIAPKDWANVVLMPLQQFVSKGKRFSANKVWSNI,0
518,MAIPKKLRLFTLYVDGTNHIGKIPSVTLPKVTRKTEDYQGGGMQGAVAVDLGLDGGALDASMVVGGVVEELILKYGGDIDEMRLRFVGEIYSGGTSSLMEVEMRGRITEIDPGEAKQGDDTNHTYAIKNTYYKLSVDDKALLEIDLLNFIYKRDGKNLYPDRIVSALGLGG,0
519,MAKINKGYVANFIEENGFPEQGHFEEKKDLQAFYKHLSTEQLEEWVELEGLEVKDTDSDSIYRMRLCMAILYLNFPKKTAGKKKASPYKHISLEELVQMATDNDIEVKHTDSDKILRMRTIMALKEAGKLG,0
520,MAKLKRSNDRKVTNYVHVTKGGNATVGIANSIGLPSGQGFSCPDATAFCAKVCYAGKLEKVRKAVSSVLLHNWELLRDADLTDTVTLLSEMVAEFVKDCDRRKAPKLFRIHWDGDFFSPTYVAAWGRVIRDNPDVQFWAYTRVQTAAVYLHSQRLDNLALYFSADPDNIDVARFLEDKGINIAYVDTTFAKGKAEFPTAVRCPENNKAIDLINDKGSACARCGLCVNGRRNVLFSTTKK,0
521,MAKPAKRIKSAAAAYVPQNRDAVITDIKRIGDLQREASRLETEMNDAIAEITEKFAARIAPIKTDIETLSKGVQGWCEANRDELTNGGKVKTANLVTGDVSWRVRPPSVSIRGMDAVMETLERLGLQRFIRTKQEINKEAILLEPKAVAGVAGITVKSGIEDFSIIPFEQEAGI,0
522,MAKSNNVYVVNGEEKVSTLAEVAKVLGVSRVSKKDVEEGKYDVVVEEAAVSLADTEEVVEEVVTEEEDILEGVEVVEDEEEEEAAEDVEEPTSEEDSEDEWEEGYPVATEVEEDEDEEIEYPEVGDFEDEKAIKKYIKGLTDEQLQAWCELEGAEWVENEHRNINRMRMAMAIKAVHFPELAKKPSSKKKSKYAEYTTEELVEMAIDNNVEVRDDKGNERILRMYTIIALREAGLIS,0
523,MAMPRKLKLMNVFLNGYSYQGVAKSVTLPKLTRKLENYRGAGMNGSAPVDLGLDDDALSMEWSLGGFPDSVIWELYAATGVDAVPIRFAGSYQRDDTGETVAVEVVMRGRQKEIDTGEGKQGEDTESKISVVCTYFRLTMDGKELVEIDTINMIEKVNGVDRLEQHRRNIGL,1
524,MANFNVPKLGVFPVAAVFDIDNVPEDSSATGSRWLPSIYQGGNYWGGGPQALHAQVSNFDSSNRLPYNPRTENNPAGNCAFAFNPFGQYISNISSAQSVHRRIYGIDLNDEPLFSPNAASITNGGNPTMSQDTGYHNIGPINTAYKAEIFRPVNPLPMSDTAPDPETLEPGQTEPLIKSDGVYSNSGIASFIFDRPVTEPNPNWPPLPPPVIPIIYPTPALGIGAAAAYGFGYQVTVYRWEEIPVEFIADPETCPAQPTTDKVIIRTTDLNPEGSPCAYEAGIILVRQTSNPMNAVAGRLVPYVEDIAVDIFLTGKFFTLNPPLRITNNYFADDEVKENTVTIGNYTTTLSSAYYAVYKTDGYGGATCFIASGGAGISALVQLQDNSVLDVLYYSLPLSLGGSKAAIDEWVANNCGLFPMSGGLDKTTLLEIPRRQLEAINPQDGPGQYDLFILDDSGAYASFSSFIGYPEAAYYVAGAATFMDVENPDEIIFILRNGAGWYACEIGDALKIADDEFDSVDYFAYRGGVMFIGSARYTEGGDPLPIKYRAIIPGLPRGRLPRVVLEYQAVGMSFIPCQTHCLGKGGIISKV,1
525,MANIIRCKLPDGVHRFKPFTVEDYRDFLLVRNDIEHRSPQEQKEIITDLIDDYFGDYPKTWQPFIFLQVFVGSIGKTKSTVTFICPKCKKEKTVPFEIYQKELKDLVFDVANVKIKLKFPSEFYENKAKMITENIHSVQVDEIWYDWKEISESSQIELVDAIEIETLEKILDAMNPINLTLHMSCCNKYIKKYTDIVDVFKLLVNPDEIFTFYQINHTLVKSNYSLNSISKMIPAERGFVLKLIEKDKQ,0
526,MANIQGGQQIGTNQGKGQSAADKLALFLKVFGGEVLTAFARTSVTMPRHMLRSIASGKSAQFPVIGRTKAAYLKPGENLDDKRKDIKHTEKVIHIDGLLTADVLIYDIEDAMNHYDVRAEYTAQLGESLAMAADGAVLAELAGLVNLPDGSNENIEGLGKPTVLTLVKPTTGSLTDPVELGKAIIAQLTIARASLTKNYVPAADRTFYTTPDNYSAILAALMPNAANYQALLDPERGTIRNVMGFEVVEVPHLTAGGAGDTREDAPADQKHAFPATSSTTVKVALDNVVGLFQHRSAVGTVKLKDLALERARRANYQADQIIAKYAMGHGGLRPEAAGAIVLPKVSE,0
527,MANIQGGQQIGTNQGKGQSAADKLALFLKVFGGEVLTAFARTSVTMPRHMLRSIASGKSAQFPVIGRTKAAYLKPGENLDDKRKDIKHTEKVIHIDGLLTADVLIYDIEDAMNHYDVRAEYTAQLGESLAMAADGAVLAELAGLVNLPDGSNENIEGLGKPTVLTLVKPTTGSLTDPVELGKAIIAQLTIARASLTKNYVPAADRTFYTTPDNYSAILAALMPNAANYQALLDPERGTIRNVMGFEVVEVPHLTAGGAGDTREDAPADQKHAFPATSSTTVKVALDNVVGLFQHRSAVGTVKLKDLALERARRANYQADQIIAKYAMGHGGLRPEAAGAIVLPKGVGVIPDPTGVTLSQKTMTLVEGASRALTGTVQPSDANQSLSWSSSAEDVAVWEAGKVVAKGVGTADITATTSNGLIASCKVIVNAATS,0
528,MANKITTFLSGQTGKQISNIDLLNSIRTRASADYQADIPVLEGARINHATVPYQDFQKHANEFFTALVNRIGSTVIKALTYENPLAIFKSETFEFGDTLQEIYVHPAEKKTYDAKSDVSPFKFADTDIEAFYHTLNNENYYERTFERAWIQKAFVSDMAFDEFVDKMFTSLLSSDTLDEYQAVRVYLRNHLRKSLIQTLKGNDKKITVAGTKIDETKQDFVVDFNQSLINLSKRFTIPSRTTFNNPVGVPNMTAIEDQYLVISAEFSTHLDMLLANAFNMDKASVLARTIVVDDFEKFTGEGANNGRKPVAFLISAKSIINKDKLVHMEAIRNPRNMTYNYFYHHHYMTSLSLFENIHFWYVEEA,1
529,MARLNRHPQSNIAYAVRSLRSKGQLITNSAPTQNASTDALAVNIDHRAILTVPSYRSSVRVFQRSPCLHRAEGLLSPYCNRGSERTNQGNRGSAPSKILLPRTIADPFRGGPE,0
530,MARQRRSITDIICENCKYLPTKRSRNKRKPIPKESDVKTFNYTAHLWDIRWLRHRARK,0
531,MARRATAVTLEDRFHVVAGEPILDTQEGVLIIAFDDGTSRTFNWDKVVDYYYYMTEDEYEQFRRERGAE,0
532,MARWCPPANRSASAAATCSSVVANTACMRWCKKRSQCPARRTP,0
533,MASLKRSNDRKVTNYVHVTKGGNATVGIANSIGLPSGQGFSCPDATAFCAKVCYAGKLEKVRKAVSSVLLHNWELLRDADLTDTVTLLSEMMADFVKDCDKKKAPKLFRIHWDGDFFSPTYVAAWARVIRDFSDVQFWAYTRVQTAAVYLHAQKLSNLSLYFSADPDNVDVARFLEGKGINIAYVDTTFAEGKAQFPTAVRCPELNNRDFDLINAKGSACARCGLCINGRKSVLFSTTKK,0
534,MASMTGGQQMGTNQGKGVVAAGDKLALFLKVFGGEVLTAFARTSVTTSRHMVRSISSGKSAQFPVLGRTQAAYLAPGENLDDKRKDIKHTEKVITIDGLLTADVLIYDIEDAMNHYDVRSEYTSQLGESLAMAADGAVLAEIAGLCNVESKYNENIEGLGTATVIETTQNKAALTDQVALGKEIIAALTKARAALTKNYVPAADRVFYCDPDSYSAILAALMPNAANYAALIDPEKGSIRNVMGFEVVEVPHLTAGGAGTAREGTTGQKHVFPANKGEGNVKVAKDNVIGLFMHRSAVGTVKLRDLALERARRANFQADQIIAKYAMGHGGLRPEAAGAVVFKVE,0
535,MASMTGGQQMGTNQGKGVVAAGDKLALFLKVFGGEVLTAFARTSVTTSRHMVRSISSGKSAQFPVLGRTQAAYLAPGENLDDKRKDIKHTEKVITIDGLLTADVLIYDIEDAMNHYDVRSEYTSQLGESLAMAADGAVLAEIAGLCNVESKYNENIEGLGTATVIETTQNKAALTDQVALGKEIIAALTKARAALTKNYVPAADRVFYCDPDSYSAILAALMPNAANYAALIDPEKGSIRNVMGFEVVEVPHLTAGGAGTAREGTTGQKHVFPANKGEGNVKVAKDNVIGLFMHRSAVGTVKLRDLALERARRANFQADQIIAKYAMGHGGLRPEAAGAVVFQSGVMLGVASTVAASPEEASVTSTEETLTPAQEAARTRAANKARKEAELAAATAEQ,0
536,MASNFEEFVLVDNGGTGDVKVAPSNFANGVAEWISSNSRSQAYKVTCSVRQSSANNRKYTVKVEVPKVATQVQGGVELPVAAWRSYMNMELTIPVFATNDDCALIVKALQGTFKTGNPIATAIAANSGIY,0
537,MASNFTQFVLVDNGGTGDVTVAPSNFANGVAEWISSNSRSQAYKVTCSVRQSSAQNRKYTIKVEVPKVATQTVGGVELPVAAWRSYLNMELTIPIFATNSDCELIVKAMQGLLKDGNPIPSAIAANSGIY,1
538,MASNFTQFVLVNDGGTGNVTVAPSNFANGVAEWISSNSRSQAYKVTCSVRQSSAQNRKYTIKVEVPKVATQTVGGVELPVAAWRSYLNMELTIPIFATNSDCELIVKAMQGLLKDGNPIPSAIAANSGIY,1
539,MATKNRTIIKKYADRWHKEACHLYAKWLNAKRQGDEEAANYYFSKYITAGDNWINYTKFAH,0
540,MATLKQIQFKRSKTAGQRPAASVLAEGELAINLKDRVLFTKDDQGNIIDLGFAKGGSIDGNVIHKGNYNQTGDYTLNGTFTQTGNFNLTGIARVTRDIIAAGQIMTEGGELITKSSGTAHVRFHDSADRERGIIFSPANDGLTTQVVNIRVRDYKASSESTFAFNGNGLFSSPEVFGWKSVSTPVIYTNKVITNKKVKDDYDIYSMADNVPLSEITTAINHLRVMRNAVGSGIFHEVKDNDGITWYSGDGLDAYLWSFTWSGGIKSSHSISIGLTPGPKDYSILGPSSIALGDNDTGFKWHQDGYYFSVNNGTKTFLFSPSETTSLRKFVAGYSTNGTDLTTPPTENYALATVVTYHDNNAFGDGQTLLGYYQGGNYHHYFRGKGTTNINTHGGLLVTPGIIDVIGGSVNIDGRNNASTAMFKGNTTGSSSVDNMTISVWGNTFTNPSEGNRKNVMEISDATSWMSYIQRLTTGEVEMNVNGSFESSGVTAGNRGVHTTGEISSGAVNALRIWNADYGVIFRRSEGSLHIIPTAYGEGKNGDIGPLRPFSIALDTGKVVIPDLESSYNTFAANGYIKFAGHGAGAGGYDIQYSQAAPIFQEIDDAAVSKYYPIVKQKFLNGKAVWSLGTEINSGTFVLHHLKEDGSQGHTSRFNADGTVNFPDNVQVGGGEATIARNGNIFSDIWKTFTSAGETTNIRDAIATRVSKEGDTMTGKLTLSAGNDALVLTAGEGASSHIRSDVGGTNNWYIGKGSGDNGLGFYSYITQGGVYITNNGEIALSPQGQGTFNFNRDRLHINGTQWTAHQGGGWENQWNQEAPIFIDFGNVGNDSYYPIIKGKSGITNEGYISGVDFGMRRITNTWAQGIIRVGNQENGSDPQAIYEFHHNGVLYVPNMVKAGARLSAGGGDPVWQGACVVIGDNDTGLVHGGDGRINMVANGMHIASWSSAYHLHEGLWDTTGALWTEQGRAIISFGHLVQQSDAYSTFVRDVYVRSDIRVKKDLVKFENASEKLSKINGYTYMQKRGLDEEGNQKWEPNAGLIAQEVQAILPELVEGDPDGERLLRLNYNGVIGLNTAAINEHTAEIAELKSEIEELKKIVKSLLK,1
541,MATLQDVHLRVNDRVTPVYFTARSFLLVSPKRAGQATFLAREEGTDNPVVTCHVSDFYKDGV,0
542,MATLRSFVLVDNGGTGDVTVVPVSNANGVAEWLSNNSRSQAYRVTASYRASGADKRKYTIKLEVPKIVTQVVNGVELPVSAWKAYASIDLTIPIFAATDDVTVISKSLAGLFKVGNPIADAISSQSGFYA,1
543,MATLRSFVLVDNGGTGNVTVVPVSNANGVAEWLSNNSRSQAYRVTASYRASGADKRKYAIKLEVPKIVTQVVNGVELPGSAWKAYASIDLTIPIFAATDDVTVISKSLAGLFKVGNPIAEAISSQSGFYA,1
544,MATPLIRVMNGHIYKVPNRRKRKPELKPSEIPTLLGYTASLVDKKWLRLAARRNHG,0
545,MATVNEFRGAMSRGGGVQRQHRWRVTISFPSFAASADQTRDVCLLAVTTNTPTGQLGEILVPWGGRELPFPGDRRFEALPITFINVVNNGPYNSMEVWQQYINGSESNRASANPDEYFRDVVLELLDANDNVTKTWTLQGAWPQNLGQLELDMSAMDSYTQFTCDLRYFQAVSDRSR,1
546,MATYDKNLFAKLENRTGYSQTNETEILNPYVNFNHYKNSQILADVLVAESIQMRGVECYYVPREYVSPDLIFGEDLKNKFTKAWKFAAYLNSFEGYEGAKSFFSNFGMQVQDEVTLSINPNLFKHQVNGKEPKEGDLIYFPMDNSLFEINWVEPYDPFYQLGQNAIRKITAGKFIYSGEEINPVLQKNEGINIPEFSELELNAVRNLNGIHDINIDQYAEVDQINSEAKEYVEPYVVVNNRGKSFESSPFDNDFMD,0
547,MAVKASGRFVPPSAFAAGTGKMFTGAYAWNAPREAVGRERPLTRDEMRQMQGVLSTINRLPYFLRSLFTSRYDYIRRNKSPVHGFYFLTSTFQRRLWPRIERVNQRHEMNTDASLLFLAERDHYARLPGMNDKELKKFAARISSQLFMMYEELSDAWVDAHGEKESLFTDEAQAHLYGHVAGAARAFNISPLYWKKYRKGQMTTRQAYSAIARLFNDEWWTHQLKGQRMRWHETLLIAVGEVNKDRSPYASKHAIRDVRARRQANLEFLKSCDLENRETGERIDLISKVMGSISNPEIRRMELMNTIAGIERYAAAEGDVGMFITLTAPSKYHPTRQVGKGESKTVQLNHGWNDEAFNPKDAQRYLCHIWSLMRTAFKDNDLQVYGLRVVEPHHDGTPHWHMMLFCNPRQRNQIIEIMRRYALKEDGDERGAARNRFQAKHLNQGGAAGYIAKYISKNIDGYALDGQLDNDTGRPLKDTAAAVTAWASTWRIPQFKTVGLPTMGAYRELRKLPRGVSIADEFDERVEAARAAADSGDFALYISAQGGANVPRDCQTVRVARSPSDEVNEYEEEVERVVGIYAPHLGARHIHITRTTDWRIVPKVPVVEPLTLKSGIAAPRSPVNNCGKLTGGDTSLPAPTPSEHAAAVLNLVDDGVIEWNEPEVVRALRGALKYDMRTPNRQQRNGSPLKPHEIAPSARLTRSERLQITRIRVDLAQNGIRPQRWELEALARGATVNYDGKKFTYPVADEWPGFSTVMEWT,1
548,MAVKISGVLKDGTGKPVQNCTIQLKARRNSTTVVVNTVGSENPDEAGRYSMDVEYGQYSVILQVDGFPPSHAGTITVYEDSQPGTLNDFLCAMTEDDARPEVLRRLELMVEEVARNASVVAQSTADAKKSAGDASASAAQVAALVTDATDSARAASTSAGQAASSAQEASSGAEAASAKATEAEKSAAAAESSKNAAATSAGAAKTSETNAAASQQSAATSASTAATKASEAATSARDAVASKEAAKSSETNASSSAGRAASSATAAENSARAAKTSETNARSSETAAERSASAAADAKTAAAGSASTASTKATEAAGSAVSASQSKSAAEAAAIRAKNSAKRAEDIASAVALEDADTTRKGIVQLSSATNSTSETLAATPKAVKVVMDETNRKAPLDSPALTGTPTAPTALRGTNNTQIANTAFVLAAIADVIDASPDALNTLNELAAALGNDPDFATTMTNALAGKQPKNATLTALAGLSTAKNKLPYFAENDAASLTELTQVGRDILAKNSVADVLEYLGAGENSAFPAGAPIPWPSDIVPSGYVLMQGQAFDKSAYPKLAVAYPSGVLPDMRGWTIKGKPASGRAVLSQEQDGIKSHTHSASASGTDLGTKTTSSFDYGTKTTGSFDYGTKSTNNTGAHAHSLSGSTGAAGAHAHTSGLRMNSSGWSQYGTATITGSLSTVKGTSTQGIAYLSKTDSQGSHSHSLSGTAVSAGAHAHTVGIGAHQHPVVIGAHAHSFSIGSHGHTITVNAAGNAENTVKNIAFNYIVRLA,1
549,MCFFFKLSKPKTTPHTNSNIVEIEYITSNGNSKQQIGELVNLELDGDDDVGFYYVLTLKLPNGRNKKFKEYHLNGKIKFNGKRFSDLKELKEYTSTH,0
550,MCLLVIKSVMLSIVISLRRLLDYLDLTLQVL,0
551,MCSDITGGAQSSSNVAGMGAGGTGRYFIGVRTQPVNSGSRHRQMSAAFGGNRFLYLNRLRLGCLYGLLVCILRGSRYGVKNINRLLIVGKLCTGSVAFGTQ,0
552,MDINDDLNINSPVDNKNVVIVRARKTNTFFKAFKVAPNIWVAPERYYGEPLDIAEEYKLDGGIYDSNFLSQDSERENFLQAIIILLKRINNTISGKQLLSLISTAIPFPYGYIGGGYSSPNIFTFGKTPKSNKKLNSLVTSTIPFPFGGYRETNYIESQNNKNFYASNIIIFGPGSNIVENNVIYYKKNDAENGMGTMAEIVFQPLLTYKYNKFYIDPAMELTKCLIKSLYFLYGIKPSDNLVVPYRLRTELDNKQFSQLNIIDLLISGGVDLEFINTNPYWFTNSYFPNSIKMFEKYKNIYKTEIEGNNAIGNDIKLRLKQKFQINVQDIWNLNLNYFCQSFNSIIPDRFSNALKHFYRKQYYTMDYTDNYNINGFVNGQINTKLPLSNKNTNIISKPEKVVNLVNENNISLMKSNIYGDGLKGTTEDFYSTYKIPYNEEYEYRFNDSDNFPLNNISIEEVDSIPEIIDINPYKDNSDNLVFTQITSMTEEVTTHTALSINYLQAQITNNENFTLSSDFSKVVSSKDKSLVYSFLDNLMSYLETIKNDGPIDTDKKYYLWLKEVFKNYSFDINLTQEIDSMCGINEVVLWFGKALNILNTSNSFVEEYQDSGAISLISKKDNLREPNIEIDDISDSLLGLSFKDLNNKLYEIYSKNIVYFKKIYFSFLDQWWTEYYSQYFELICMAKQSILAQESLVKQIVQNKFTDLSKASIPPDTLKLIRETTEKTFIDLSNESQISMNRVDNFLNKASICVFVEDIYPKFISYMEKYINNINIKTREFIQRCTNINDNEKSILINSYTFKTIDFKFLDIQSIKNFFNSQVEQVMKEILSPYQLLLFASKGPNSNIIEDISGKNTLIQYTESIELVYGVNGESLYLKSPNETIKFSNKFFTNGLTNNFTICFWLRFTGKNDDKTRLIGNKVNNCGWEIYFEDNGLVFEIIDSNGNQESVYLSNIINDNWYYISISVDRLKDQLLIFINDKNVANVSIDQILSIYSTNIISLVNKNNSIYVEELSVLDNPITSEEVIRNYFSYLDNSYIRDSSKSLLEYNKNYQLYNYVFPETSLYEVNDNNKSYLSLKNTDGINISSVKFKLINIDESKVYVQKWDECIICVLDGTEKYLDISPENNRIQLVSSKDNAKKITVNTDLFRPDCITFSYNDKYFSLSLRDGDYNWMICNDNNKVPKGAHLWILES,0
553,MDINDDLNINSPVDNKNVVIVRARKTNTFFKAFKVAPNIWVAPERYYGEPLDIAEEYKLDGGIYDSNFLSQDSERENFLQAIITLLKRINNTISGKQLLSLISTAIPFPYGYVGGGYSSPNIFTFGKTPKSNKKLNSLVTSTIPFPFGGYRETNYIESQNNKNFYASNIVIFGPGSNIVENNVICYKKNDAENGMGTMAEILFQPLLTYKYNKFYIDPAMELTKCLIKSLYFLYGIKPSDDLVVPYRLRTELDNKQFSQLNIIDLLISGGVDLEFINTNPYWFTNSYFSNSIKMFEKYKNIYETEIEGNNAIGNDIKLRLKQKFQNSVQDIWNLNLNYFSKEFNSIIPDRFSNALKHFYRKQYYTMDYGDNYNINGFVNGQINTKLPLSDKNTNIISKPEKVVNLVNANNISLMKSNIYGDGLKGTTEDFYSTYKIPYNEEYEYRFNDSDNFPLNNISIEEVDSIPEIIDINPYKDNSDDLLFTQITSTTEEVITHTALPVNYLQAQIITNENFTLSSDFSKVVSSKDKSLVYSFLDNLMSYLETIKNDGPIDTDKKYYLWLKEVFKNYSFDINLTQEIDSSCGINEVVIWFGKALNILNTSNSFVEEYQNSGPISLISKKDNLSEPNIEIDDIPDSLLGLSFKDLNNKLYEIYSKNRVYFRKIYFNFLDQWWTEYYSQYFELICMAKQSILAQESVVKQIIQNKFTDLSKASIPPDTLKLIKETTEKTFIDLSNESQISMNRVDNFLNKASICVFVEDIYPKFISYMEKYINNINIKTREFIQRCTNINDNEKSILINSYTFKTIDFKFLNIQAIKNFFNSQVEQVMKEMLSPYQLLLFATRGPNSNIIEDISGKNTLIQYTESVELVYGVNGESLYLKSPNETVEFSNNFFTNGLTNNFTICFWLRFTGKDDDKTRLIGNKVNNCGWEIYFEDNGLVFEIIDSNGNQESVYLSNVINNNWYYISISVDRLKDQLLIFINDKNVANVSIEQILNIYSTNVISLVNKNNSIYVEELSVLDKPVASEEVIRNYFSYLDNSYIRDSSKSLLEYNKNYQLYNYVFPETSLYEVNDNNKSYLSLKNTDGINIPSVKFKLINIDESKGYVQKWDECIICVSDGTEKYLDISPENNRIQLVSSKDNAKKITVNTDLFRPDCITFSYNDKYFSLSLRDGDYNWMICNDNNKVPKGAHLWILKS,0
554,MDINTETEIKQKHSLTPFPVFLISPAFRGRYFHSYFRSSAMNAYYIQDRLEAQSWARHYQQLAREEKEAELADDMEKGLPQHLFESLCIDHLQRHGASKKSITRAFDDDVEFQERMAEHIRYMVETIAHHQVDIDSEV,0
555,MDIQRVKRLLSITNDKHDEYLTEMVPLLVEFAKDECHNPFIDKDGNESIPSGVLIFVAKAAQFYMTNAGLTGRSMDTVSYNFATEIPSTILKKLNPYRKMAR,0
556,MDKVKLFQTIGRVEYWERVPRLHAYGVFALPFPMDPDVNWAQWFTGPHPRAFLVSIHKYGPKAGHVYPTNLTDEDALLNVIGMVLDGHDYENDPNVTVTLKAAVPIEYVQQDPQAPALQPHQAVLDAAEVLKLKVIKGHYFFDYTR,0
557,MDLIQQQIAHEEALVGAAQNDARIALEKAIAQGSIDRIPRARIMLMRMLPIVTEAIFAHQEAKAAGPAAKLRHLLRIIDAQDLAVMALRAGLSMLINYPTITATKYYTHMGKMLCREIEVRLAFKVNQPYYDRTLDYLKTSRTRSVRHIQKTMDALLDAVLPEEARIDLPDGDYLRLGKFIGDPLIQCGLFEPNRFTGRGGTSVHLEPSPEAREFLQDPSAAMTWGGPGRSVMLAPPRPWNDWCDGGYYSAKAQKHHVLVRRTKHQTKRARQAQLRHLGQDKMPKVYEAVNVLQSVAYEINRDVYEIIERVFNSGGGVLGIPQRTYPDKPEFPLGDEWAKENASEQELEAFNRWKRSVHRWYTGEREHTAKLREFAALYRVVREHHGKAVYFPMHVDSRGRMYYWGTPNPQGSDIAKACLRFHDKRVLGKRGLYWLKVHVANSLGCDKVYFDDRAAWVDERWDDFQRALAEGPENYPGLFPEAESPLCAIAGLLELRAAYASGNPEGYRSGFIVHMDATCSGLQHYSAILRDEIGGAYVNLLPPGLAKADIYSRVLGLVNESLERDRAPGAEGEARGYALLWDKAGLSRSLTKKPCMTLVYGTTFKGVVDHCLDYLDESGVEIPEGVPSYRLGSYMATLILDAIRETVPSAVFAMEWLQRLAKALPDASKDLHWITPLGMQVFQSYPKTEEVRVRLRAEAVEYVTLYEAKDELDPMRNANGIAPNFVHGLDSSHLGLTALACAAEDIPIQAIHDSMGTYASDVDRMHVHIREQFIAMYSGPCVLVELAKQLGVEATPPRRGSLNLEAVRDSWAFFC,0
558,MDPRLREEVVRLIIALTSDNGASLSKRLQSRVSALEKTSQIHSDTILRITQGLDDANKRIIALEQSRDDLVASVSDAQLAISRLESSIGALQTVVNGLDSSVTQLGARVGQLETGLADVRVDHDNLVARVDTAERNIGSLTTELSTLTLRVTSIQADFESRISTLERTAVTSAGAPLSIRNNRITMGLNDGLTLSGNNLAIRLPGNTGLNIQNGGLQFRFNTDQFQIVNNNLTLKTTVFDSINSRIGATEQSYVASAVTPLRLNSSTKVLDMLIDMSTLEINSSGQLTVRSTSPNLRYPIADVSGGIGMSPNYRFR,0
559,MDWTKMTFMGTVDEVKEIWNGLEEAGRLYAVWLSDDHVYGIVDVNEEGLFCLGWVSDISPESLQNMLGGGAELFESYEDVLSEHGGSIAIRVEV,0
560,MEFDSYIDWYNNLLTMPLNDVILGVKDTIEDKTVYLSLSDSKVIKMDNTSFVMGYY,0
561,MEFDSYIDWYNNLLTMPLNDVILGVKDTIEDKTVYLSLSDSKVIKMDNTSFVMGYYYQVVLSVKDVDDELVGLVGNVLQNGWNMTNWSENSHLYNYTGTVYLPCGAGGQAWQ,0
562,MEIGKKYELNPHRIKSFIDISSSNANMVGIIQENGGWFEVKSILSLDGFDYVTEIICANGEIYNDDGMGDDYFELSEEEFYCFREYKEPTSEEDKVEDKVSDVTKIHCIVDENNVDEIIELLRKTFKA,0
563,MEIGKKYELNPHRIKSFIDISSSNANMVGIIQENGGWFEVKSILSLDGFDYVTEIICANGEIYNDDGMGDDYFELSEEEFYCFREYKEPTSEEDKVEDKVYDVTKIHCIVDENNVDEIIELLRKTFKA,0
564,MEIGKKYELNPHRIKSFIDISSSNANMVGIIQENGGWFEVKSISSLDGFDYVTEIICANGEIYNDDGMGDDYFELSEEEFYCFREYKEPTSEEDEVKDKVSGVTKIHCIVDENNVDEIIELLRKTFKK,0
565,MEIGKKYELNPHRIKSFIDISSSNASMVGIIQENGGWFEVKSISSLDGFDYVTEIICANGEIYNDDGMGDDYFELSEEEFYCFREYKEPTSEEDEVKDKVSGVTKIHCIVDENNVDEIIELLRKTFKK,0
566,MEITKDQFYLLQDKVSEIYEIAYSKNRETVKIESSKLMLQLEEIERDLIALEFFCGEVKTVTINDYVLGEISYLYEAIIND,0
567,MEKFIDSFFNKFDSGVHLLTKLLDAFFHVQKSLMDILSDIIFKTIGLFVEFTKRIYKFFRWSTIPINFIIVRVWWLWYIFRFEDYDPLINPGVHYIRALPGGGKSLLGYQLANTIMDETGYSSYISAKLEKPKITPDGKYYYVNHQVIDIKSYYKNGKKVKRFNTEKFKSLILDEFHVLNNQRLNMQKENKDFFIPFINDLVLLRHQGFSNNIYLLSQIPNNDVQIMSILAGYHELSLKKGVSYWQFIKTGKLRIVPLRIKIKHYSIEWNDSGVSKKRLIRTTNRKVDLERLEYFDTLAERDRDKDLPLDFK,0
568,MEKVKAWLIKYKWWIVAAIGGLAAFLLLKNRGGGSGGGGEYMVGSGPVYQQAGSGAVDNTMALAALQANTQLSAQNAQLQAQMDASRLQLETQLNIETLAADNAHYSTQSQLQLGMAQVDLSKYLGDLQSTTSTALAGMQSDTAKYQSNIQLQAENIRANTSLAEIDAQKYIVGKQADIAKYQAKTERRGQDYGFALGLLNFGGKFF,0
569,MELDAILDNLSDEEQIELLELLEEEENYRNTHLLYEFAPYSKQREFIDAGHDYPERCFMAGNQLGKSFTGAAEVAFHLTGRYPGTKGYPADGKYGGEWKGKRFYEPVVFWIGGETNETVTKTTQRILCGRIEENDEPGYGSIPKEDIISWKKSPFFPNLVDHLLVKHHTADGVEDGISICYFKPYSQGRARWQGDTIHGVWFDEEPPYSIYGEGLTRTNKYGQFSILTFTPLMGMSDVVTKFLKNPSKSQKVVNMTIYDAEHYTDEQKEQIIASYPEHEREARARGIPTMGSGRIFQIPEETIKCQPFECPDHFYVIDAQDFGWNHPQAHIQLWWDKDADVFYLARVWKKSENTAVQAWGAVKSWANKIPVAWPHDGHQHEKGGGEQLKTQYADAGFSMLPDHATFPDGGNSVESGISELRDLMLEGRFKVFNTCEPFFEEFRLYHRDENGKIVKTNDDVLDATRYGYMMRRFARMMRDIRKPKEKKIPAPIRPVRRGR,0
570,MELDAILDNLSDEEQIELLELLEEEENYRNTHLLYEFTPYSKQREFIDAGHDYQSDVLWLVTSLVSHLLALLKSRFTLPGDTRERKVIRLMVNMAESGKVSVSMSQLSSGIGGETNETVTKTTQRILCGRIEENDEPGYGSPKEDSSWEKSSVLLILLIIFSLSHHRLMVLKMHSICYFKHTRRHRHAAGDTITAYGLTKRLPYSIYAEGLTRTNKYGQFSILTFTPLMGMSDGVTKFLKNPSKSQKVVNMTIYDAEHYTDEQKEQIIASYPEHEREARARGIPTMGSGRIFQIPEETIKCQPFECPDHFYVIDAQDFGWNHPQAHIQLWWDKDADVFYLARVWKKSENTAVQAWGAVKSWANKIPVAWPHDGHQHEKGGGEQLKTQYADAGFSMLPDHATFPDGGNSVESGISELRDLMLEGRFKVFNTCEPFFEEFRLYHRDENGKIVKTNDDVLDATRYGYMMRLRQDDARY,0
571,MENNVQPYDVAGYAIASALVRLLVKKAIITAEEGKAIFSSSAEILKDAPAMRTSRREKLQLSKIMEDIISSLDPDADGSQKPQTHERQ,0
572,MEPVPRELIEHMEDGLVVTEQTMATNEALQPFFNSDELFRRIGGIDALVAWLRRKEGQCQAADRSWCDNHIVHAERDNSAVLLCWHHDNHYRMRGFNELKETLHNNRVNWILDVARQEMGLSNSHDLSIQELCWWAFMRNMMHLMPEEVCRISINKMKATPQDSGPLKEADIRPYDDRATAYVQMMEERSAPMRAKVCPVDVDSDPGMAHFKIPKLQSLKLPEYMDFVASRPCCGCGAAGRGAHITPYIVRHSRLCAHDIYAIPLCQSCQRDIERDRYNWEKTHGRLAMHQRLFFDYALGVGVITSHSSSVR,0
573,MEQLNYGYKIKRNQVRGSWLFLVYGKPIYELHRGEKSKTYYVTHIATGKTPACAGLLRDAIMKACMLEGLL,0
574,MEQNTDSMVPLPDPSQATKLTSWKNELSLQALKADLDAAKPSHTAMMIKVKEWNDLMRIEGKAKPPKVKGRSQVQPKLVRRQAEWRYSALTEPFLGSNKLFKVTPVTWEDVQGARQNELVLNYQFRTKLNRVSFIDNYVRSVVDDGTGIVRVGWNREIRKEKQEVPVFSLFPIQTQEQADALQQALQLRTDNPRGYEENVDEAIKESVRFFDETGQATYAVQTGTTTTEVEVPLANHPTVEMLNPENIIIDPSCQGDINKAMFAIVSFETCKADLLKEKDRYHNLNKIDWQSSAPVNEPDHATTTPQEFQISDPMRKRVVAYEYWGFWDIEGNGVLEPIVATWIGSTLIRLEKNPYPDGKLPFVLIPYMPVKRDMYGEPDAELLGDNQAVLGAVMRGMIDLLGRSANGQRGMPKGMLDALNSRRYREGEDYEYNPTQNPAQMIIEHKFPELPQSALTMATLQNQEAESLTGVKAFAGGVTGESYGDVAAGIRGVLDAASKREMAILRRLAKGMSEIGNKIIAMNAVFLAEHEVVRITNEEFVTIKREDLKGNFDLEVDISTAEVDNQKSQDLGFMLQTIGPNVDQQITLNILAEIADLKRMPKLAHDLRTWQPQPDPVQEQLKQLAVEKAQLENEELRSKIRLNDAQAQKAMAERDNKNLDYLEQESGTKHARDLEKMKAQSQGNQQLEITKALTKPRKEGELPPNLSAAIGYNALTNGEDTGIQSVSERDIAAEANPAYSLGSSQFDPTRDPALNPGIRLGN,0
575,MEQRITLKDYAMRFGQTKTAKDLGVYQSAINKAIHAGRKIFLTINADGSVYAEEVKPFPSNKKTTA,0
576,MERKFLTDLGLNPDQVNSIMAQYGKDMQEYEGLEAERDALKKTSSELSSKIEDLKANSANVEELTKQIEKLKSDNENATKQLNAQKLDFAVTSTIKDFGAKNAKAVKALLNHDDIRFDSKGNLIGLEDQLKSLKDSDSYLFAEDKPAGKPIQAFPTGNPVAGGKDVSLHQKIAQRLKG,0
577,MERKFLTDLGLNPDQVNSIMAQYGKDMQKYEGLEAERDALKKTSSELSNKIEDLKANSANIEDLTKQIEKLKLDNENATKQLSAQKLDFAVTSTIKDFGAKNAKAVKALLNHDDIRFDSKGNLTGLEEQLKSLKDSDSYLFAEDKPAGKPIQAFLRGTGSWRQGCQPASEDCTKIERINK,0
578,MERVNDSALNRLLTPLMRRVRLMLARAVVNVINDGRKVQNLQVGLLDDEESDEVERLQNYGHFSVPLPGAEALIACVGAQRDQGIAVVVEDRRYRPTNLEPGDAGIYHHEGHRIRLTKDGRCIITCKTVEVYADESMTVDTPRTTFTGDVEIQKGLGVKGKSQFDSNITAPDAIINGKSTDKHIHRGDSGGTTGPMQ,0
579,METKPNALTGTSLSSTSGQTTQKSITLQNSENKYIPQNSSETFGLMAILNLALLLWTLLATLRVTLQKNWPTETTKTTTITQFTTLQKNTPSAKNGLKNTTNKHSHEDM,1
580,MEYRLIGDNDYNFDPLATILKNRGIEDPKLFVNVDQSSVIHYSKLNNIDKAADCLIRHLNNKNKLFVQVDSDVDGYTSSSIIINYIKKICPKANIHYRIQDGKEHGIFIDTIPDDVDLVIIPDAGSSQFEEHEALNKRGTEIIVIDHHECERVSEHAIVVNNQLSPNYSNKTLTGAGMAYKFCQAIDEKLNKNEAEQFLDLVSIGNIADSADSRNLETRYFMNEGLKKIKHPLLKKLFKKQEFSTKGDKSIQNTQFFINPLINAAIRVGSSEEKDQMMRAFLLSKEKVPYKKRGQSETELVSIHEDTVRILGNLKAKQKRIVDAAGVEIKNRIEEKSLTANKVLIVYIEGILDKSLTGLVANQLAEEYKKPVLLARNDPEKGKDILSGSIRGYDKGFIKDFKKELIDTGLFEFVEGHPNAAGFAIKRQNLILVNKVLNEKFKDINIEEDIQNVDFEIPAKRLRKEFILQLDGYKDYWGYKVEEPLIAITDLEIEVEQIEHLGKKNKTTVKFKHGDIEYIRFKSDENYFNQLTASNGTLVINVIGKAKANEYKGKKTPQIEIYELEVVRTKQKELVF,0
581,MFCSRAVVLLNNALKIAVMKNGDLSLIQLGLDKEKREITESVIAIYQSELNLLSDVVNLLVKRAVFHKQISSVDELTKLTTEIASYCADEFKKLNDKRNW,0
582,MFDFQVSKHPHYDEACRAFAQRHNMAKLAERAGMNVQTLRNKLNPEQPHQFTPPELWLLTDLTEDSTLVDGFLAQIHCLPCVPVNELAKDKLQSYVMRAMSELGELASGAVSDERLTTARKHNMIESVNSGIRMLSLSALALHARLQTNPAMSSVVDTMSGIGASFGLI,0
583,MFEDALNAVNAVRDKTGGGRKTTGKGTFRNVPFLVIEEQKQAGGRRLVKREYPLRDTGGVNDLGKKLRSRTFSACILNSNAETARDEAGALMDALDAPGSGELVHPDFGTVDVMVDSWECRTKADELNYYAFTVTVYPSLQDTAPDAETDTSAAVPAQAVAVTGSLGDTLSSVWQTVKDGTAAATAVMEAVTGVIDDISDAVDNLGVTQTVSGLMGSLSAMKGSVTSLINQPAMLASSLMGALSGVSSLCDTRTAFSTWNRLAQRFERRHAATAGRQGTITTSYNSPVAEKNIATLNYVMLAAAQTYRAEAASQALTAALDFSRRMDNAARAPVLDAPSTTTGTASGASSTSATVTQGQLQLTAITPDGGFSQVSFSDSGTATPPVFESVSDIEKTTAMLGAALDSVILTASEQGFSTDSVQLTQLRLLVVADLEKRGLQLAGSESHHLPETLPAMVALYRFTGNSRNWQRLARRNGISNPLFVPGGVSIEVINE,1
584,MFFKTSNPAALLAWDQFMADCLKLREEARHLDKVLGCGCRSVFSTSIGGRYFHGVNFPGNERPFSRELWTVQRPASGNSCRPRTSRIPAHLREQARELAKIWQENIPVTYARTDALLPALGLDFSATIFGPLQWFRVGDVIYVMTGMTPAQGRMTEILSDEFIRAQKQAEVNNGKQ,0
585,MFHCPKCHHAAHARTSRYLTENTKERYHQCQNINCSCTFMTMETIERFIVTPGAIDPAPPHPTVGGQRPLWL,0
586,MFHCPLCQHAAHARTSRYITDTTKERYHQCQNVNCSATFITYESVQRYIVKPGEVHAVRPHPLPSGQQIMWM,0
587,MFKRKSTAELAAQMAKLAGNKGGFSSEDKGEWKLKLDNAGNGQAVIRFL,0
588,MFKRKSTAELAAQMAKLAGNKGGFSSEDKGEWKLKLDNAGNGQAVIRFLPSKNDEQAPFAILVNHGFKKNGKWYIENCSSTHGDYDSCPVCQYISKNDLYNTDNKEYGLVKRK,0
589,MFKRKSTAELAAQMAKLAGNKGGFSSEDKGEWKLKLDNAGNGQAVIRFLPSKNDEQAPFAILVNHGFKKNGKWYIENCSSTHGDYDSCPVCQYISKNDLYNTDNKEYGLVKRKTSYW,0
590,MFKRKSTAELAAQMAKLAGNKGGFSSEDKGEWKLKLDNAGNGQAVIRFLPSKNDEQAPFAILVNHGFKKNGKWYIENCSSTHGDYDSCPVCQYISKNDLYNTDNKEYGLVKRKTSYWANILVVKDPAAPENEGKVFKYRFGKKIWDKINAMIAVDVEMGETPVDVTCPWEGANFVLKVKQVSGFSNYDESKFLNQSAIPNIDDESFQKELFEQMVDLSEMTSKDKFKSFEELSTKFSQVMGTAAMGGAAATAAKKADKVADDLDAFNVDDFNTKTEDDFMSSSSGSSSSADDTDLDDLLNDL,0
591,MFKRKSTAELAAQMAKLAGNKGGFSSEDKGEWKLKLDNAGNGQAVIRFLPSKNDEQAPFAILVNHGFKKNGKWYIETCSSTHGDYDSCPVCQYISKNDLYNTDNKEYSLVKRKTSYWANILVVKDPAAPENEGKVFKYRFGKKIWDKINAMIAVDVEMGETPVDVTCPWEGANFVLKVKQVSGFSNYDESKFLNQSAIPNIDDESFQKELFEQMVDLSEMTSKDKFKSFEELSTKFSQVMGTAAMGGAAATAAKKADKVADDLDAFNVDDFNTKTEDDFMSSSSGSSSSADDTDLDDLLNDL,0
592,MFKRKSTAELAAQMAKLNGNKGFSSEDKGEWKLKLDNAGNGQAVI,0
593,MFKRKSTAELAAQMAKLNGNKGFSSEDKGEWKLKLDNAGNGQAVIRF,0
594,MFKRKSTAELAAQMAKLNGNKGFSSEDKGEWKLKLDNAGNGQAVIRFL,0
595,MFKRKSTAELAAQMAKLNGNKGFSSEDKGEWKLKLDNAGNGQAVIRFLP,0
596,MFKRKSTAELAAQMAKLNGNKGFSSEDKGEWKLKLDNAGNGQAVIRFLPSKNDEQAPFAILVNHGFKKNGKWYIETCSSTHGDYDSCPVCQYISKNDLYNTDNKEYSLVKRKTSYWANILVVKDPAAPENEGKVFKYRFGKKIWDKINAMIAVDVEMGETPVDVTCPWEGANFVLKVKQVSGFSNYDESKFLNQSAIPNIDDESFQKELFEQMVDLSEMTSKDKFKSFEELNTKFGQVMGTAVMGGAAATAAKKADKVADDLDAFNVDDFNTKTEDDFMSSSSGSSSSADDTDLDDLLNDL,0
597,MFKVYGYDSNIHKCVYCDNAKRLLTVKKQPFEFINIMPEKGVFDDEKIAELLTKLGRDTQIGLTMPQVFAPDGSHIGGFDQLREYFK,0
598,MFNLKVKDLNGSARGLTQAFAIGELKNQLSVGALQLPLQFTRTFSASMTSELLWEVGKGNIDPVMYARLFFQYAQAGGALSVDELVNQFTEYHQSTACNPEIWRKLTAYITGSSNRAIKADAVGKVPPTAILEQLRTLAPSEHELFHHITTDFVCHVLSPLGFILPDAAYVYRVGRTATYPNFYALVDCVRASDLRRMLTALSSVDSKMLQATFKAKGALAPALISQHLANAATTAFERSRGNFDANAVVSSVLTILGRLWSPSTPKELDPSARLRNTNGIDQLRSNLALFIAYQDMVKQRGRAEVIFSDEELSSTIIPWFIEAMSEVSPFKLRPINETTSYIGQTSAIDHMGQPSHVVVYEDWQFAKEITAFTPVKLANNSNQRFLDVEPGISDRMSATLAPIGNTFAVSAFVKNRTAVYEAVSQRGTVNSNGAEMTLGFPSVVERDYALDRDPMVAIAALRTGIVDESLEARASNDLKRSMFNYYAAVMHYAVAHNPEVVVSEHQGVAAEQGSLYLVWNVRTELRIPVGYNAIEGGSIRTPEPLEAIAYNKPIQPSEVLQAKVLDLANHTTSIHIWPWHEASTEFAYEDAYSVTIRNKRYTAEVKEFELLGLGQRRERVRILKPTVAHAIIQMWYSWFVEDDRTLAAARRTSRDDAEKLAIDGRRMQNAVTLLRKIEMIGTTGIGASAVHLAQSRIVDQMAGRGLIDDSSDLHVGINRHRIRIWAGLAVLQMMGLLSRSEAEALTKVLGDSNALGMVVATTDIDPSL,1
599,MFVVHTIYENEGNTTRDYGHVNQFFRCNPEFRAQKDERIFKKCVEQGFIYIKHWMQGNKVRTTYHRSLTELNDELIYNRAVNQTLKDEQ,0
600,MFYSKNAYLSMKEMTVNAQYILNYLLPRGWTKNAICGMLGNMQTESTINPGIWQNLDEGNTSLGFGLVQWTPATKYLNWADRNGLKRDHMDSQLKRILWEVDNNEQWINLRNMTFKEFTKSTKSANELAMIFLASYERPANPNQPERGTQAEYWFKTLTGKGSTGIQLAQFPMDIINITQGENGSFSHKGTLCIDFVGKHEKYPYYAPCDCTCVWRGDESAYLAWTSDKEVMCADGTVRYITWVCVHDENLLYNVGKKLKKGELMGHSGKGGRATGDHLHLNVIEGNKYQGWVKKPDSALAGTELHIYDVFAVNGVEIVNGLGYDWKTSDWVDGSDENNGDDKDKDKDETKNIVNLLLCGALNGW,0
601,MGFENSPHPPTLFLLRSILRYKPHQHRTNHNPMIVQCRSLTLPGLCCIPPYTFQQRVSTCKKPILRQIYHISSHQDRTKQSGRGRILARGKYVVSHPSDQAH,0
602,MGFWSALFGRGHSPALDGIEARAWEPYDPSIYNLGAVAASGETVTPHDALQVSAVFASVRLLSETIATLPLSTYSKRGGSRKEIVTPEWLDYPNAEPGGMGRIDILSQTVLSLLLQGNAFLAVRWQGPNIVGLDVLDPTKIHVHMVMVDGLRRKVFEAYDIDADGNEVLLGWFTPRDVLHIPGMMLPGDFVGCSPISYARESIGLALAAQKYGSKFFANGAMPGAVVEVPGTMSEEGLARAREAWRAANSGVDNAHRVALLTEGAKFSKVAMSPDEAQFLQTRQFQVPEIARIFGVPPHLISDATNSTSWGSGLAEQNIAFTMFSLRPWLERIEAGFNRLLFAETADRFRFVKFNLDEIKRGAPKERMELWSLGLQNGIYSIDEVRAAEDMTPLPDGLGEKYRVPLNLGEVGEEPEPEPAPAPPAIEPPAEEPDEEPEPEGKPDDEGATEEDDEDDA,0
603,MGKGWNASFHLGRRERLRQEVLHRVAGGPRPAPRDYTGHDGTHGSYYMKGWQSVDMPEILHHCLLYREKHYV,0
604,MGKIFDQEKRLEGTWKNSKWGNQGIIAPVDGDLKMIDLELEKKMTKLEHENKLMKNALYELSRMENNDYATWVIKVLFGGAPHGAK,0
605,MGQLFNLPQVEDINYIQTVRAVRQFFKDYLTLRLMAGDRKFPNMTTMYKITPPNFSNEFHSKVEDAAIHNVDNVHAAQEAVKKYDAIMNQLEHIHRKILFEKFIHNLQDRTIMLDIPYEERQYKREKRKAVIELATTLGIEVLN,0
606,MGRILDISGQPFDFDDEMQSRSDELAMVMKRTQEHPSSGVTPNRAAQMLRDAERGDLTAQADLAFDMEEKDTHLFSELSKRRLAIQALEWRIAPARDASAQEKKDADMLNEYLHDAAWFEDALFDAGDAILKGYSMQEIEWGWLGKMRVPVALHHRDPALFCANPDNLNELRLRDASYHGLELQPFGWFMHRAKSRTGYVGTNGLVRTLIWPFIFKNYSVRDFAEFLEIYGLPMRVGKYPTGSTNREKATLMQAVMDIGRRAGGIIPMGMTLDFQSAADGQSDPFMAMIGWAEKAISKAILGGTLTTEAGDKGARSLGEVHDEVRREIRNADVGQLARSINRDLIYPLLALNSDSTIDINRLPGIVFDTSEAGDITALSDAIPKLAAGMRIPVSWIQEKLHIPQPVGDEAVFTIQPVVPDNGSQKEAALSAEDIPQEDDIDRMGVSPEDWQRSVDPLLKPVIFSVLKDGPEAAMNKAASLYPQMDDAELIDMLTRAIFVADIWGRLDAAADH,0
607,MGRLSKLRIVDPVLTNLAIGYTNAEFIGQSLMPVVEVEKEGGKIPKFGKESFRLYKTERALRARSNRMNPEDLGSIDIVLDEHDLEYPIDYREDQESAFPLEQAAVQTATEAIQLRREKMVADLAQNPNSYAGGNKKQLSATEKFTAAGSDPVGVIEDGKEAIRTKIGRRPNTMVIGASAYKTLKAHPQLIEKIKYSMKGIVTVDLLKEIFEVENIAVGEAIYADDKDRFTDIWGANIVLAYVPLQRGGQQRTPYEPSYGYTLRKKGNPVVDTRIEDGKLELVRSTDIFRPYLLGADAGYLISGING,0
608,MGRRRSHERRDLPPNLYIRNNGYYCYRDPRTGKEFGLGRDRRIAITEAIQANIELFSGHKHKPLTARINSDNSVTLHSWLDRYEKILASRGIKQKTLINYMSKIKAIRRGLPDAPLEDITTKEIAAMLNGYIDEGKAASAKLIRSTLSDAFREAIAEGHITTNHVAATRAAKSEVRRSRLTADEYLKIYQAAESSPCWLRLAMELAVVTGQRVGDLCEMKWSDIVDGYLYVEQSKTGVKIAIPTALHIDALGISMKETLDKCKEILGGETIIASTRREPLSSGTVSRYFMRARKASGLSFEGDPPTFHELRSLSARLYEKQISDKFAQHLLGHKSDTMASQYRDDRGREWDKIEIK,0
609,MGRRRSHERRDLPPNLYIRNNGYYCYRDPRTGKEFGLGRDRRIAITEAIQANIELFSGHKHKPLTARINSDNSVTLHSWLDRYEKILASRGIKQKTLINYMSKIKAIRRGLPDAPLEDITTKEIAAMLSGYIDEGKAASAKLIRSTLSDAFREAIAEGHITTNPVAATRAAKSEVRRSRLTADEYLKIYQAAESSPCWLRLAMELAVVTGQRVGDLCEMKWSDIVDGYLYVEQSKTGVKIAIPTTLHVDALGISMKETLDKCKEILGGETIIASTRREPLSSGTVSRYFMRARKASGLSFEGDPPTFHELRSLSARLYEKQISDKFAQHLLGHKSDTMASQYRDDRGREWDKIEIK,0
610,MGRRRSHERRDLPPNLYIRNNGYYCYRDPRTGKEFGLGRDRRIAITEAIQANIELLSGNRRESLIDRIKGADAITLHAWLDRYETILSERGIRPKTLLDYASKIRAIRRKLPDKPLADISTKEVAAMLNTYVAEGKSASAKLIRSTLVDVFREAIAEGHVATNPVTATRTAKSEVRRSRLTANEYVAIYHAAEPLPIWLRLAMDLAVVTGQRVGDLCRMKWSDINDNHLHIEQSKTGAKLAIPLTLTIDALNISLADTLQQCREASSSETIIASKHHDPLSPKTVSKYFTKARNASGLSFDGNPPTFHELRSLSARLYRNQIGDKFAQRLLGHKSDSMAARYRDSRGREWDKIEIDK,0
611,MGSSTMPRRRKHMSDTATTEGTPAGDPTPVVTDKPLEPTPKTYDEAYVKELRQEAAAARVAKKDAVEAAVKAANDAHTAELAARDTRITELENELGQAWIRLQKLETSLAAKVPSDKVLAFVDILQGEDADSIAESAKKNLELIGGFDKKPVSGFDPTQGFGGRQELPLNGDPILNAMKGVLGIK,1
612,MHFNELRISQDNRFLIIDVSVDNQDYFEDVLLDSIVIDTQDTFVMNGPSDNPLYIYNVEDAYDLTYSLPEQCNCNPVRVEEDESYCFTYGTQQMKNVRLELNIQDLKVSPCSTMFFVYVKSKGTPSTDTPCGFDKDQILGTVINLQPIYKQTLKYLKEVECDCNIPKGFIDMILKLKAIELCVRTGNYPQAIKYWNKFFIKNNCKSPTSNCGCYG,0
613,MHMFYYSIYDRKARSYGDLISFPSGEKEAAIRWFRDVVMDSDSKNILHRYPEDFDFCYIGYFDKDKGRFYPVDAGIVTIINAGEFFLDSEYRQEEV,0
614,MHNFKSTPPADSLSDDFTSCSEWCRKMWEETFDDAYIKLYELWKSRGQ,0
615,MHVDIYQIAASDTAIYPGAGDCDSIEGLSYVTMGLVGEAGEIANKVKKILRDKDGVITQENRDDLQAELGDVMWYVAQLANQLDVWLSTVTQRNLNKLQSRKDRGVIQGSGDNR,0
616,MIFYPTESLILGLFIMAASLLFAYFQNDLDSYYFKRK,0
617,MIKAAVTKESLYRMNTLMEAFQGFLGLDLGEFTFKVKPGVFLLTDVKSYLIGDKYDDAFNALIDFVLRNDRDAVEGTETDVSIRLGLSPSDMVVKRQDKTFTFTHGDLEFEVHWINL,0
618,MIKINTAYQMKKPSEIDFQTMSNTTDSKFWELLGTTGGYPFTVISVNSGILIGTVYMEIRNYYGRVSSFIIYEEDFNLLTEIEKPEDPTDLLCKAVYIRRPFANPIGGWVTDQWIGRWR,1
619,MIKLRMPAGGERYIDGKSVYKLYLMIKQHMNGKYDVIKYNWCMRVSDAAYQKRRDKYFFQKLSEKYKLKELALIFISNLVANQDAWIGDISDADALVFYREYIGRLKQIKFKFEEDIRNIYYFSKKVEVSAFKEIFEYNPKVQSSYIFKLLQSNIISFETFILLDSFLNIIDKHDEQTDNLVWNNYSIKLKAYRKILNIDSQKAKNVFIETVKSCKY,0
620,MIKNECEKDNQLAARLAKLAGYEKVNGFYKFVNTPEKEMENLGGLLKIVKNLFPDSEEQLLSEYFLELDPNKKCARQSVEYSDINQWDTLTDKIIINLCNSKNSTSQEWGKVYSLHRKLNKNEISLNDAIRESGKCKIKSAEMLFFSNAMLMYAYLNIGEFGLMKSTSKLLEFDDLPEGFIKESFKSRVSMLEANISLNENSLLEARQHSNRAIENSNVNRICFFAYLTIGNTLIFEDYDEAKKAYIKGQKYAKNPVHQEMLDGALCFLSNIWKKENQWVNYNSDNIKYLQLRAFYYINQGNIEEATEILDELSSRDQDENELGFYYYYKGLISQDKTDYYKSIRYFKKSDDKYFIQLPLLQLERMGADLELLNLISI,0
621,MIKQLQHALELQRNAWNNGHENYGASIDVEAEALEILRYFKHLNPAQTALAAELQEKDELKYAKPLASAARKAVRHFVVTLK,0
622,MIKSSVGGNEGKSKFFDQEKRLERTWNNSNWGKQGIISPVDGDMKIIDIELEKKMTKLEHENKLMKNALYELSRMENNDYAAWVIKVLFGEVAHGAK,0
623,MIKVEIKPSQAQFTTRSGVSRQGKPYSLNEQLCYVDLGNEYPVLVKITLDEGQPAYAPGLYTVHLSSFKVGQFGSLMIDRLRLVPAK,0
624,MIQRLGSSLVKFKSKIAGAIWRNLDDKLTEVVSLKDFGAKGDGKTNDQDAVNAAMASGKRIDGAGATYKVSSLPDMERFYNTRFVWERLAGQPLYYVSKGFINGELYKITDNPYYNAWPQDKAFVYENVIYAPYMGSDRHGVSRLHVSWVKSGDDGQTWSTPEWLTDMHPDYPTVNYHCMSMGVCRNRLFAMIETRTLAKNELTNCALWDRPMSRSLHLTGGITKAANQRYATIHVPDHGLFVGDFVNFSNSAVTGVSGDMKVATVIDKDNFTVLTPNQQTSDLNNAGKNWHMGTSFHKSPWRKTDLGLIPRVTEVHSFATIDNNGFVMGYHQGDVAPREVGLFYFPDAFNSPSNYVRRQIPSEYEPDAAEPCIKYYDGVLYLITRGTRGDRLGSSLHRSRDIGQTWESLRFPHNVHHTTLPFAKVGDDLIMFGSERAENEWEAGAPDDRYKASYPRTFYARLNVNNWNADDIEWVNITDQIYQGDIVNSSVGVGSVVVKDSFIYYIFGGENHFNPMTYGDNKDKDPFKGHGHPTDIYCYKMQIANDNRVSRKFTYGATPGQAIPTFMGTDGIRNIPAPLYFSDNIVTEDTKVGHLTLKASTSANIRSEMQMEGEYGFIGKSVPKDKPTGQRLIICGGEGTSSSSGAQITLHGSNSSNAKRITYNGNEHLFQGAPIMPAVDNQFAAGGPSNRFTTIYLGSDPVTTSDADHKYGISSINTKVLKAWSRVGFKQYGLNSEAERNLDSIHFGVLAQDIVAAFEAEGLDAIKYGIVSFEEGRYGVRYSEVLILEAAYTRHRLDKLEEMYATNKIS,0
625,MIRKEVEEAPWWITETGVIISKKLKKPRKTFITPHGYEMIGYTHPKKGTQNYLVHRLVAKYFIYDIPKGMFVNHIDGNKLNNHVRNLEIVTPKENTLHAMKIGLMSGQPGESNSMSKLTNMEATNLIYDLIAGMNNVEAGEKYSLHPRYVSLIRHKRRWKTLWDRIERSTTIA,0
626,MITREQKNEILFLVGEIISLEKDLSFEISSEYGDAETYYELVKSIDKAENDLETYLENLTKD,0
627,MIVKKKLAAGEFAETFKNGNNITIIKAVGELVLRAYGADGGEGLRTIVRQGVSIKGMNYTSVMLHTEYAQEIEYWVGDLDYSFQEQTTKSRDVNSFQIPLRDGVRELLPEDASRNRASIKSPVDIWIGGENMTALNGIVDGGRKFEAGQEFQINTFGSVNYWVSDEEIRVFKEYSARAKYAQNEGRTALEANNVPFFDIDVPPELDGVPFSLKARVRHKSKGVDGLGDYTSISVKPAFYITEGDETTDTLIKYTSYGSTGSHSGYDFDDNTLDVMVTLSAGVHRVFPVETELDYDAVQEVQHDWYDESFTTFIEVYSDDPLLTVKGYAQILMERT,0
628,MIVSDIEANALLESVTKFHCGVIYDYSTAEYVSYRPSDFGAYLDALEAEVARGGLIVFHNGHKYDVPALTKLAKLQLNREFHLPRENCIDTLVLSRLIHSNLKDTDMGLLRSGKLPGKRFGSHALEAWGYRLGEMKGEYKDDFKRMLEEQGEEYVDGMEWWNFNEEMMDYNVQDVVVTKALLEKLLSDKHYFPPEIDFTDVGYTTFWSESLEAVDIEHRAAWLLAKQERNGFPFDTKAIEELYVELAARRSELLRKLTETFGSWYQPKGGTEMFCHPRTGKPLPKYPRIKTPKVGGIFKKPKNKAQREGREPCELDTREYVAGAPYTPVEHVVFNPSSRDHIQKKLQEAGWVPTKYTDKGAPVVDDEVLEGVRVDDPEKQAAIDLIKEYLMIQKRIGQSAEGDKAWLRYVAEDGKIHGSVNPNGAVTGRATHAFPNLAQIPGVRSPYGEQCRAAFGAEHHLDGITGKPWVQAGIDASGLELRCLAHFMARFDNGEYAHEILNGDIHTKNQIAAELPTRDNAKTFIYGFLYGAGDEKIGQIVGAGKERGKELKKKFLENTPAIAALRESIQQTLVESSQWVAGEQQVKWKRRWIKGLDGRKVHVRSPHAALNTLLQSAGALICKLWIIKTEEMLVEKGLKHGWDGDFAYMAWVHDEIQVGCRTEEIAQVVIETAQEAMRWVGDHWNFRCLLDTEGKMGPNWAICH,0
629,MIVTPASIKALMTSWRKDFQGGLEDAPSQYNKIAMVVNSSTRSNTYGWLGKFPTLKEWVGKRTIQQMEAHGYSIANKTFEGTVGISRDDFEDDNLGIYAPIFQEMGRSAAVQPDELIFKLLKDGFTQPCYDGQNFFDKEHPVYPNVDGTGSAVNTSNIVEQDSFSGLPFYLLDCSRAVKPLIFQERRKPELVARTRIDDDHVFMDNEFLFGASTRRAAGYGFWQMAVAVKGDLTLDNLWKGWQLMRSFEGDGGKKLGLKPTHIVVPVGLEKAAEQLLNRELFADGNTTVSNEMKGKLQLVVADYL,1
630,MIYCPSCGHVAHTRRAHFMDDGTKIMIAQCRNIYCSATFEASESFFSDSKDSGMEYISGKQRYRDSLTSASCGMKRPKRMLVTGYCCRRCKGLALSRTSRRLSQEVTERFYVCTDPGCGLVFKTLQTINRFIVRPVTPDELAERLHEKQELPPVRLKTQSYSLRLE,0
631,MKELCYGSVCSGIEAASIAWEPLGMRPAWFAEIEPFPSAVLAHRWPHVANLGDMTKLAKKVLAGEIESPDVLVWGTPCQAFSIAGLRGGLDDERGALTLKYVELANAIDDKRSESFLKPTVIVWENVPGVLSSADNAFGCFLAGLAGEDAPFEPGDRPESGKSNAFWRWDGKTGCHAPKWPQCGCIYGPQRKVAWRILDAQYFGVAQRRRRVFVVASARTDLDPATVLFEFEGVRRNIAPRRKKKEIASAIIANGAAISGESLNPCLHADMPPSMKSTKAVNAFRMAAFGEYIDDETASTVKARDFKDATDLAVFSSTGAGFWSEGHGTLRAREQESHEHLVTLAFPERMSGTQHAATKNTSPSLMAKNPTAVCYEVRNAEVAVRRLTPVECERLQGFPDGHTLIPTEKRKKVNSDELAYLRNHYPDLSEEEAAMLAADGPRYKAIGNSMAIPVMRWIGDRITKAVCRQKEGSETKERKVKPAAEFERSIFKWAGGKFGVLEQIFRYLPEGKRLIEPFVGGGAVFTNAGYQENLLNDVNADLINFYKTLQREAHSLITLAHRFFQDYNTQEGYLAVRNAFNKQVYDDLHRAAAFLFLNRHCFNGLTRYNQAGEFNVGYGKYKTPYFPLQEMEAFLGAEGRSEFVCGDFAAVIEAAGEGDVIFCDPPYEPLPNTEGFTNYSGHDFKFEEQKRLVSLLTDAHRRGAKVLITNSGAPNIRELYHDSGFRVEPLFARRSVSCKGDTRGVAHDVLGILL,0
632,MKFRLVKLTAISSYSNENISFAVEYKKYFFSKWKQYYKTNWVCIDRPYSWKSDLEKCQKLLSTLKERGTTHIKTVIGK,0
633,MKFVKIDSSSVDMKKYKLQNNVRRSIKSSSMNYANVAIMTDADHDGLGSIYPSLLGFFSNWPELFEQGRIRFVKTPVIIAQVGKKQEWFYTVAEYESAKDALPKHSIRYIKGLGSLEKSEYREMIQNPVYDVVKLPENWKELFEMLMGDNADLRKEWMSQ,0
634,MKGMSKMPQFNLRWPREVLDLVRKVAEENGRSVNSEIYQRVMESFKKEGRIGA,0
635,MKHCYRCGESKDDYRFRPNQPYWHQWCIRCERSPVGNFPLPETKEDVWHDSDEVSPT,0
636,MKHRDIRKVIIDALESAIGTDAIYFDGRPAVLEEGDFPAVAVYLTDAEYTGEELDADTWQAILHIEVFLEAQVPDSELDDWMETRVYPVLAEVPGLESLITTMVQQGYDYQRDDDMALWSSADLKYSITYDM,0
637,MKHTELRAAVLDALEKHDTGATFFDGRPAVFDEADFPAVAVYLTGAEYTGEELDSDTWQAELHIEVFLPAQVPDSELDAWMESRIYPVMSDIPALSDLITSMVASGYDYRRDDDAGLWSSADLTYVITYEM,0
638,MKKDALCLLLTYVVAVPCVSYLILSSPWSVTSKVICLTWCWFACLSVVSLATLELLDTWNTTEKPGGLNRLATLAEKEKEILAGLNKTDSQTSKGCPCGHSDCDGIMYH,0
639,MKKDWDPNDPKLKSPYAPHETAAVLRMHRVGFKGAHTMKLLKLRGTQLMNQIQRAMDAEQAAHRAGRPIHDAGVVKQ,0
640,MKKFIFATIFALASCAAQPAMAGYDKDLCEWSMTADQTEVETQIEADIMNIVKRDRPEMKAEVQKQLKSGGVMQYNYVLYCDKNFNNKNIIAEVVGE,0
641,MKKHAIGIAALNALSIDDDGWCQLLPAGHFSARDGRPFDVTGGQGWFIDGEIAGRLVEGVRALNQDVLIDYEHNQLRKDKGLPPEQLVAAGWFNADEMQWREGEGLFIHPRWTAAAQQRIDDGEFGYLSAVFPYDTATGAVLQIRLAALTNDPGATGMKKLTALAADLPDILQQENKPMNETLRKLLARLGVTVPENADITDEQATAALTALDTLEINAGKVAALSAELEKAQKAAVDLTKYVPVESYNALRDELAQATAQSATASLSAVLDKAEQEGRIFKSERTYLEQLGGQIGVAALSAQLEKKQPIAALSAMQTTTAKIPSQEKTAVAVLSADEQAAVKALGITEAEYLKMKQEQEK,0
642,MKKIIIALFFAPFFTHATTDAECLSKPAFDGTLSNVWKEGDSRYANFENCIYELSGIGIGYDNDTSCNGHWTPVRAADGSGNGGDDNSSGGGSNGDSGNNSTPDTVTPGQTVNLPSDLSTLSIPANVVKSDSIGSQFSLYTNASCTMCSGYYLSNNADSIAIANITETVKADYNQPDMWFEQTDSDGNHVKILQNSYKAVSYNVESKQSDVNNPTYINYSYSVNVKQVSYDTSNVCIMNWETFQNKCDASRAVLITDTVTPSYSRNITIQSNINYQGSNGSGGSGGSGGSGNDGGGTGNNGNGTGDFDYVKMANANKDALTESFDLSALQADTGASLDGSVQGTLDSLSGFSDSIGGLVGNGSAISGEFAGSSAAMNAIGEGDKSPLLDSLSFLKDGLFPALPEFKQCTPFVFAPGKEYEFIIECKYIDMFKGIFAFILYFWTFVTVYDSFSGILRKGRG,0
643,MKKLSLSLMLNVSLALMLALSLIYPQSVAVNFVAAWAILATVICVVAGGVGVYATEYVLERYGRELPPESLAVKIVTSLFLQPVPWRRRAAALVVVVATFISLVAAGWIFTALIYLVVSLFFRLIRKACRQRLEGREPCQG,0
644,MKKMFMAVLFALASVNAMAADCAKGKIEFSKYNEDDTFTVKVDGKEYWTSRWNLQPLLQSAQLTGMTVTIKSSTCESGSGFAEVQFNND,0
645,MKKRLLEDIAASSNSSLIKIIMAGEEDDLEMRGKIYGCDDYSPPVNWDSVMVMVERRERASKNVPNCPECGTEQVQLVHWQTNNLRYKCRHCKHRFDREENDKA,0
646,MKKSVVAKIIAGSTLVIGSSAFAADDATSQAKAAFDSLTAQATEMSGYAWALVVLVVGATVGIKLFKKFVSRAS,1
647,MKKTIAAAIIGLAATLSLSACEGGTGSSDYTPSVPVFIQMPGGQLFPVMI,0
648,MKKTLLIAASLSFFSASALATPDCVTGKVEYTKYNDDDTFTVKVGDKELFTNRWNLQSLLLSAQITGMTVTIKTNACHNGGGFSEVIFR,0
649,MKLDNPHRYIGETIVLTNPSNNSQYLLNLEQQGYADEETKTLINMIRLLVEENKYLRKENNLLAKSHRGVGGLCRTQTRKRRAKSPLLYR,0
650,MKLDWERTGRRMGFIDLSKYEVWSYDTECTGLQYKVDKVFGFSIATPDGQSGYFDVREQPESLQWLAEQVEPYKGTIVCHNASFDYRMSLHSGIKLPLSQIDDTGIRACCINEHESTIFPWTRGRAGDYSLDYLAKKYVGAQKYAEIYDELAALFGGKATRKTQMPNLYRAPSGLVRKYACPDAELTLELWLEQEELIKKRGLERIVAFERKVMPTLIRTEARGVRVDLDYAEQAIFKMDGVVRENQAKMFALAGREFNPNSPKQVREVFGAKEEGGVWKSRDGTILERTATGNPCLDADALRSMTDPLAAAVLELRSNIKTKDTFLAKHVVEHSVGGRVYPNINQMKGEDGGTGTGRLSYTGPALQQIPSRNKRIAAIIKPAFLPEEGQLWLDSDMASFEVRIFAHLVAAYNPAIAKAYAENPELDLHQWVGDLMGIPRNASYSGQPNAKQMNLGMIFNRGDGAVADSLGMPWEWCEFTDKKGELIRYKKAGREAKSIIAAYHSQIQGVKTLATRAQKIAEERGWIQTAHGRRLRFPNGYKSYKASGILIQATAADENKENWLRIEDALGSDGSMILNTHDSYSMSVDENWKPIWERVKKAVERQTLRVPLLLEFDGVGKNWAEAKGLIDVH,0
651,MKLPIPYQMAVSTVHLKLTDQSAKKDRYGRTIPSWEGDIAKCVVNMQTTYSGTNNDRQIVANGLVMMYAGYSDPIPALTKENLESKLTYKGQEYTVKSINRFDQPGHRRLILL,0
652,MKLPIPYQMAVSTVHLKLTDQSAKKDRYGRTVPTWEGDITKCVVNMQTTYSGTNNDRQIVANGLIVMYAGYSNPIPTLTKENLGSKLTYQGLDYTVTSLNRFDQPGTEDLYCYELEVI,0
653,MKLSKFLESQGTYVGIKLDEASKQELVRLQKTLRLKNPLDPDKFHVTVLYSRKQIDVPVVDTTFVATVEQVDCWKTQDGKHAVVAKMSCPALVERHEDLISIGGTHDYPDYTPHVTLSYDDVITPMFINTEVRLVDEYIEPLDLEWVANND,0
654,MKNLFYALKEHWQIYVGLLLGLIIGLLVGVGFTDWKSLVRGLDSKVTDWISSLSTLIIMCFTAVGVMSWKKQKTPDLKSKVAKNIIDFDTHAVLLPSKKFQSIDEIKEYNAIQLKIFWDIEHSLSTLYMFDKSNKQEIDTILGYLLKDINSATSLIEKHARYDEVGRYQLVSLINNGYKNTYPNTTKLFELVVGKSNVVGLNGSS,0
655,MKNRLLLKEFQEKVKLFAQELVNKVSERFPETSVRVITETPRSVLVIVNPGDGDQISHLKLDFDGLVEAQRVYGVL,0
656,MKPKTTLLLQELLLLTYELNRSGLLVENEEIQSQLKKLEVVLLCNLSPSSQRAGKN,0
657,MKPTILTDIDGVCLSWQSGLPYFAQKYNLPLEHILKMIQDEKFISPGKLFNCDEELGVKLIEKYNRSDFIRYLSPYKDALCVINKLKEDYNFVAVTALGDSIDALLNRQFNLNALFPGAFSEVLMCSHDSSKEELFKKAKEKYNVICYIDDLAHHCDHASEILRVPVYWMARGERDNIPKTAQRVYTWNDVENKLFSPKENKESFDSEKAIKDVIEKMIKNDSFPWNTTWRTPGFNPYNPYHPYQTHPFQTWNYIKPGGIEYLYNRPTCGDNIFQGAF,0
658,MKRLRPSDKFFELLGYKPHHVQLAIHRSTAKRRVACLGRQSGKSEAASVEAVFELFARPGSQGWIIAPTYDQAEIIFGRVVEKVERLAEVFPATEVQLQRRRLRLLVHHYDRPVNAPGAKRVATSEFRGKSADRPDNLRGATLDFVILDEAAMIPFSVWSEAIEPTLSVRDGWALIISTPKGLNWFYEFFLMGWRGGLKEGIPNSGVNQTHPDFESFHAASWDVWPERREWYMERRLYIPDLEFRQEYGAEFVSHSNSVFSGLDMLILLPYERRGTRLVVEDYRPDHIYCIGADFGKNQDYSVFSVLDLDTGAIVCLERMNGATWSDQVARLKALSEDYGHAYVVADTWGVGDAIAEELDAQGINYTPLPVKSSSVKEQLISNLALLMEKGQVAVPNDKTILDELRNFRYYRTASGNQVMRAYGRGHDDIVMSLALAYSQYEGKDGYKFELAEERPSKLKHEESVMSLVEDDFTDLELANRAFSA,0
659,MKRLRPSDKFFELLGYKPHHVQLAIHRSTAKRRVACLGRQSGKSEAASVEAVFELFARPGSQGWIIAPTYDQAEIIFGRVVEKVERLSEVFPTTEVQLQRRRLRLLVHHYDRPVNAPGAKRVATSEFRGKSADRPDNLRGATLDFVILDEAAMIPFSVWSEAIEPTLSVRDGWALIISTPKGLNWFYEFFLMGWRGGLKEGIPNSGINQTHPDFESFHAASWDVWPERREWYMERRLYIPDLEFRQEYGAEFVSHSNSVFSGLDMLILLPYERRGTRLVVEDYRPDHIYCIGADFGKNQDYSVFSVLDLDTGAIACLERMNGATWSDQVARLKALSEDYGHAYVVADTWGVGDAIAEELDAQGINYTPLPVKSSSVKEQLISNLALLMEKGQVAVPNDKTILDELRNFRYYRTASGNQVMRAYGRGHDDIVMSLALAYSQYEGKDGYKFELAEERPSKLKHEESVMSLVEDDFTDLELANRAFSA,0
660,MKTFKEFTSTTTPVSTITEATLTSEVIKANKGREGKPMISLVDGEEIKGTVYLGDGWSAKKDGATIVISPAEETALFKAKHISAAHLKIIAKNLL,0
661,MKTIEQKIEQCRKWQKAARERAIARQREKLADPVWRESQYQKMRDTLDRRIAKQKERPPASKTRKSAVKIKSRGLKGRTPTAEERRIANALGALPCIACYMHGVISNEVSLHHIAGRTAPGCHKKQLPLCRWHHQHAAPAEVREKYPWLVPVHADGVVGGKKEFTLLNKSEMELLADAYEMANIMH,0
662,MKTNRAYSTLEVKALDDEKRVITGIASTPSPDRMQDVVEPKGAQFKLPIPFLWQHNHDEPIGHVTEAKVTQKGIEVSVQLTQVEEPGKLKDRLDEAWQSIKSGLVRGLSIGFSAKEFEQIPGSWGLRFLSWEWFELSAVTIPANAEATITSVKSIDREQRAALGIKSVPVVRVTPAGASAIKTKTIKVPKPQEGNDMKTTAEQIAEFEATRVTKAAEMEAIMTKAAEAGETLDAEQSEQFDTLEAEIAAIDKHIGRLKQMQKAQAANAKPVTEEAGAQRMANVKALDFKEVQVRAKNTQKLEPGIAFARAAKCLALGHLEHRDAIGIAKSLYDGQDSIIAATQRLVTKAAVAAATTSDATWAGPLVGDETSVFADFVEYLRPQTILGRFGTNGIPSLRRVPFRVPLIGQTSGGDGYWVGEGQAKPLTKFDFERKTLEPLKVANIAVATMEVIRDSSPSADVIIRDQLAAALRERLDIDFIDPAKAAVAGVSPASILNGVAGIPSSGNTADDVRADIRALFNAFIAANNAPTSGVWLMPATTALALSLMQNPLGQAEFPGISMTGGTLFGLPVIVSEYIPTASAGAVVALVNASDIYLGDEGGVDLSMSTEASLQMDNAPDNPTTASTVLVSLWQRNLVGFRAERAINWARRRASAVAYLTGVNWGAA,0
663,MKTRKHYIDYFDSLITKHRDYQKGHREVINNILRDFLDYIGWENHICKDTQNAYSHSLGSLLEWFKRSRLLSSVIAVNNVKKFMYPSYIETNVSNDNVVTFNIINDVKRTYLEEWFSKDSKEKFASEFSHEFNNNVNMLFKHSRRLFCHGDDRTINVNVKDWVTAKFIPSSQNGPFELLIIVCAPHEIYKNLPYMKPCEANKHNKTIRSLTYKLRTLLSKMDVVESFDDNTNYGLSLFETKVVIKLKDPNKFKPTPKPNHGNDTMKEEREYLSTRLIEVEKQIEEHTKVLKDLTAKANGLRNAIEVLK,0
664,MKTVTINKGMYFGKEISGTFELLGEWFPDNAPVDAQGDGKVFVEIDGKRRGVWVYKSDISYDGVKVEEVKESYEDMKTRINKRFNVMGMMTNGIINGNIRSLIISGAAGIGKTYSLDKALNKANDIGYIEYKSINGKISGIGLYEQLWNNREENSVLLIDDVDVFSDMDILNLLKAALDTGETRKVCWSTASSYLEEKGIERELEFKGTIVFITNVDIDRELDRGTKLAPHLQALVSRSVYLDLGVHTNEEIMVRVEDVILSTDMMQKRGLSDEETYKALSWMKVNVNRLRNVSLRTALYLADFIMTDKNGWEEIATGYSSEINS,0
665,MKTYQEFIAEASVVKAKGINKDEWTYRSGNGFDPKTAPIERYLATKASDFKAFAWEGLRWRTDLNIEVDGLKFAHIEDVVASNLDSEFVKADADLRRWNLKLFSKQKGPKFVPKAGKWVIDNKLAKAVNFAGLEFAKHKSSWKGLDAMAFRKEFADVMTKGGFKAEIDTSKGKFKDANIQYAYAVANAARGNS,0
666,MKVQIMSSAVAVRSFPAREGKPATHFREQTAAVLREGDFPLPFTIGLDEDQPPYGEGFYIIDPKSLQNNKFGGLEFGRRIRLIPDLTAKLQQQPAKVG,1
667,MLASLGGLVSCAAKVHFKEEGNAMNELIANHDFDFRQLVTAAEGQPVTDTFQIAKAFGKRHADVLRALKNCHCSEDFRRAHFCVSEKINNLGIFDKKQIYYRMDFSGFVMLVMGFNGAKADAVKEAYINAFNWMSAELRKYSESYEAERNAIMLEYMKEKDVASMSGRLLNRWGKIKKPQLLARIGRLEQHGQTVIPGLTN,0
668,MLASRFGRFLMAWHHETWAIVIVNSGLVGTSNGQFCVFTSENRAWEECLKLREKNPDVELVVKKTKLPLPWKTYE,0
669,MLEFLRKLIPWVLAGMLFGLGWHLGSDSMDAKWKQEVHNEYVKRVEAAKSTQRAIDAVSAKYQEDLAALEGSTDRIISDLRSDNKRLRVRVKTTGTSDGQCGFEPDGRAELDDRDAKRILAVTQKGDAWIRALQDTIRELQRK,0
670,MLEFLRKLIPWVLAGMLFGLGWHLGSDSMDAKWKQEVHNEYVKRVEATASTQRAINEISAKYQEDLAALEGSTDRIISDLRQDNKRLRVRVKPTGTSEGQCGFEPDDRAELDDRDAKRILSVTQKGDAWIRALQDTIRELQRKQEIK,0
671,MLFFKEKFYNELSYYRGGHKDLESMFELALEYIEKLEEEDEQQVTDYENAMEEELRDAVDVIESQLEIIKDIVR,0
672,MLGSIIGGIGSSLLGGLASGGISSLLNKMFSKMPEHAASSAGLTNGQGTIGMDTDAGIQSVIQGSNVPPAGQLPASNTSGVMADAGNMIRNAGRALLDGTIQA,1
673,MLKLFAKYTSIGVLNTLIHWGVFAFCVYGMHTHQALANFSGFVIAVSFSFYANARFTFNATTTTLRYMMYVGFMGTLSAVVGWMADQCSLPPLITLITFSAISLVCGFIYSRFIVFRDIR,0
674,MLKLFAKYTSIGVLNTLIHWVVFGVCIYAAHTNQAMANFAGFVVAVSFSFFANAKFTFKASTTTMRYMLYVGFMGTLSATVGWVADRCSLPPIVTLVTFSAISLVCGFVYSKFIVFRDAK,0
675,MLKLFVKYTSIGVLNTLIHWVVFGVCIYAAHTSQALANFTGFVVAVSFSFFANARFTFKASTTAMRYMLYVGFMGILSVIVGWAADKCSLPPIVTLITFSAISLVCGFVYSKFIVFRDAK,0
676,MLKLFVKYTSIGVLNTLIHWVVFGVCIYAAHTSQALANFTGFVVAVSFSFFANARFTFKASTTAMRYMYYVGFMGILSVIVGWAADKCSLPPIVTLITFSAISLVCGFVYSKFIVFRDAK,0
677,MLKPDSLRRALTDAVTVLKTNPDMLRIFVDNGSIASTLAASLSFEKRYTLNVIVTDFTGDFDLLIVPVLAWLRENQPDIMTTDEGQKKGFTFYADINNDSSFDISISLMLTERTLVSEVDGALHVKNISEPPPPEPVTRPMELYINGELVSKWDE,0
678,MLLNWQGRHFMEINHSRITSYEIADYMIRTKSLLSAKELAAILEKEYPHLDVDKRDVYLRLKAIAVSKYSSVLIDDSTRPRRFQIHSLNPEFFRRSRAPRRFDEKLQNELYMTQDEKERREHQPWVMARQLFNKVARQHRHYGNATSARI,0
679,MLNIALHGYSLSKSAMDSRLTRKQSKSCT,0
680,MLNQVEVLREEYVEGYVVQMWRRNPSNAPVIEVFTEDNLEEGIIPEYVTANDDTFDRIVDAVEFGYLEELELV,0
681,MLRYLSLFAVGLATGYAWGWIDGLAASLTV,0
682,MLTGYSLRFLKEALTIHHGDINPPALNGSPCRLNEPDVCQLILDEFKLITVIGDGFTCQWVLKTHHIHRLFFYFVVFCDINHINIVPIIIP,0
683,MLTREQFEKIIKLAHDIEIDSYQLAVEHCEGYSYDGIEAAKRDLDKSKAKLVQYLEMIRWNNEN,0
684,MLTVEIHDSQVSVKERSGVSQKSGKPYTIREQEAYIDLGGVYPALFNFNLEDGQQPYPAGKYRLHPASFKINNFGQVAVGRVLLESVK,0
685,MLTVKQIEAAKPKEKPYRLLDGNGLYLYVPVSGKKVWQLRYKIDGKEKILTVGKYPLMTLQEARDKAWTARKDISVGIDPVKAKKASSNNNSFSAIYKEWYDHKKQVWSVGYATELAKMFDDDILPIIGGLEIQDIEPMQLLEVIRRFEDRGAMERANKARRRCGEVFRYAIVTGRAKYNPAPDLADAMKGYRKKNFPFLPADQIPAFNKALATFSGSIVSLIATKVLRYTALRTKELRSMQWKNVDFENRIITIDASVMKGRKIHVVPMSDQVIELLTTLSSITKPVSEFVFAGRNDKKKPICENAVLLVIKQIGYEGLESGHGFRHEFSTIMNEHEWPADAIEVQLAHANGGSVRGIYNHAQYLDKRREMMQWWADWLDEKVR,0
686,MLVSDIEANNLLEKVTKFHCGVIYDYRDGEYHSYRPGDFGAYLDALEAEVKRGGLIVFHNGHKYDVPALTKLAKLQLNREFHLPRENCIDTLVLSRLIHSNLKDTDMGLLRSGKLPGKRFGSHALEAWGYRLGEMKGEYKDDFKRMLEEQGEEYVDGMEWWNFNEEMMDYNVQDVVVTKALLEKLLSDKHYFPPEIDFTDVGYTTFWSESLEAVDVEHRAAWLLAKQERNGFPFDTKAIEELYVELAARRSELLRNLTETFGSWYQPKGGTEMFCHPRTGKPLPKYPRIKIPKVGGIFKKPKNKAQREGREPCELDTREYVAGAPYTPVEHVVFNPSSRDHIQKKLQEAGWVPTKFTDKGAPVVDDEVLEGVRVDDPEKQAAIDLIKEYLMIQKRIGQSAEGDKAWLRYVAEDGKIHGSVNPNGAVTGRATHAFPNLAQIPGVRSPYGEQCRAAFGAEHHLDGITGKPWVQAGIDASGLELRCLAHFMARFDNGEYAHEILNGDIHTKNQMAAELPTRDNAKTFIYGFLYGAGDEKIGQIVGAGKERGKELKKKFLENTPAIAALRESIQQTLVESSQWVAGEQQVKWKRRWIKGLDGRKVHVRSPHAALNTLLQSAGALICKLWIIKTEEMLVEKGLKHGWDGDFAYMAWIHDEIQVACRTEEIAKTVIEVAQEAMRWVGEHWNFRCLLDTEGKMGANWKECH,0
687,MLYAFTLGRKLRGEEPSYPEKGGKGGADKSAKYAAEAQKYAADLQNQQFNTIMNNLKPFTPLADKYIGSLEGLSSLEGQGQALNNYYNSQQYQDLAGQARYQNLAAAEATGGLGSTATSNQLSAIAPTLGQQWLSGQMNNYQNLANIGLGALQGQANAGQTYANNMSQISQQSAALAAANANRPSAMQSAIGGGASGAIAGAGLAKLIGSSTPWGAAIGGGIGLLGSLF,1
688,MLYPICIEKVNDGYVVSVPDVPGCFSAGDTLSEAMLNAKEAISFHIEGMLEDDEELPKSNPIEQYINQPEYKDFIVTVVDVDLTHLMGKAEKINITVPALLLHRIDQFIATHPEYKNRSNFLSQLATNRLLSA,0
689,MMGKGFEMMVASAIRAAGINPDELMEKANTLVHNLNYQLDRFGQRLDSIDSRLSVIEKALDISPAEKPDNQPELTGITFEGDNNDQ,0
690,MMNLLSGWFYILMFYIGVNFPYWMGWSTTAFGFYTP,0
691,MMRCYRCGESKEDNRFRPNQPYWNRWCLRCERTPTGVLPLPQEKEDVWRDSDEVSPT,0
692,MMSEAKRLVLEVSPLFGELAIEKVNNMYRLTQEDDMLYFTPSEIVRLTQIEYAYTDKIVSINDEHKIHFYSSCPGFNIKSESMCLSINNWDNFITNIKYFYDSTKRKHNLKWFKKCNAIITNSCNQNDETILNVSKCYEEGDVVSIRQIDDFRSHIITLKKEEAIALKTYLDSVIPTMISK,0
693,MMSIEMDPLVILGRVFSNEPLERTMYMIVIWVGLLLLSPDNWPEYVNERIGIPHVWHVFVFALAFSLAINVHRLSAIASARYKRFKLRKRIKMQNDKVRSVIQNLTEEQSMVLCAALNEGRKYVVTSKQFPYISELIELGVLNKTFSRWNGKHILFPIEDIYWTELVASYDPYNIEIKPRPISK,0
694,MNDSPIARAILRYHPDWEPPPDHHEWNKCLCPFHGDETPSAAVSYDLQGYNCMACGVRGDVISIIRHEEEVTFAEAKRIAENLSVGGNVPVQRKPARKPSRRVFGESRAGRPSGTKPVRSGIRGRPTPWT,0
695,MNEPIDPKSFPSQPLSPYIPMHHIGKGPYKTIFNVLSLNRDHIHWEDYLYKHTPCELVANPETNQQVWFKREDYFAPLSCYMNGKQGINGSKLRQAIWLMVEHLKAGGSPDLIHGTVVGSPQSPMATAVSRHFGGKTTTVLGATKPTTCMNHDMVKMSAWFGSEFNFVGSGYNSTIQPRCKKLIEQQNPKAYYLEYGITLDHTLHSPERIAGFHMLGGEQVANIPDHITDLIIPAGSCNSCTSILTGLAMHPKPNLKNVYLIGIGPNRLDFIESRLRIIGKQANLPHITDFTRCYHDNPDYVYGKKDLQHASKSVSLAGLLMGIREKGESEITLPRFAVHHWDLHTTNWVRYNDLMDYQWGDIELHPRYEGKVMTWIQQHKPELLNENTLFWIVGSKPYIEPMKAACPELSMPEQVPVNEFTPD,0
696,MNIEKALMNYYELTLASYEDSTNRYHYRIVQHLIKGLKYIKVKKLEKVDITIGYKLIDYLKNHTHNGNNSIKKIINYLRKVMQHYRITTSIIDLPHLPNDTKPFERFYHDDLELIMTYTKNLNSSKNSITYKSFIRLLLDSGLRVSEALNIKISDMDFKNKVIRVLSSKTRKQRYAPFSSFSLKYIKELIEVNPKRDYLFYNFIKDRQTNKNDIKLFYKRLKKHLNLERIHTHRFRKTFASILIENGLNIDDLQKIFDHSRIETTIKYVQHNEKRALQEYKKYNDWGLN,0
697,MNIINKIFGIQYIKVTYKVTDKNPYTDEHEEPQVESIILEKDPNWPVEFRLPCYGHWADVEIISIENV,0
698,MNITDIMNAIDAIKALPICELDKRQGMLIDLLVEMVNSETCDGELTELNQALEHQDWWTTLKCLTADAGFKMLGNGHFSAAYSHPLLPNRVIKVGFKKEDSGAAYTAFCRMYQGRPGIPNVYDVQRHAGCYTVVLDALKDCERFNNDAHYKYAEIASDIIDCNSDEHDELTGWDGEFVETCKLIRKFFEGIASFDMHSGNIMFSNGDVPYITDPVSFSQKKDGGAFSIDPEELIKEVEEVARQKEIDRAKARKERHEGRLEARRFKRRNRKARKAHKAKRERMLAAWRWAERQERRNHEVAVDVLGRTNNAMLWVNMFSGDFKALEERIALHWRNADRMAIANGLTLNIDKQLDAMLMG,0
699,MNIVYWFTFEDRVKNKTPPYYYIGSKLNCSFENGIIYDSSGKEYWSSCKQKRFLNALMLQKPSVKIIQIDDDLDVIEAERKYQLEVNARDNPDYFNLVYAGGGFGVSGETHPAKDPEVREHMRLANYMNRDDFRPWKTSRANIESWKLSHIAYENYVLLLSSNLYGKTPGWRRVKGNINITDTTAKSMVKYFNSGWIPLEDPEYCELCQL,0
700,MNKEKNSYRDAIKDVELTMMAIDSHFRTHKGFTDSYLLVMILENEVGETRLEVSEGLTFDEVGYIVGSVSDNILHMHTYNYCEKNREDIYKWLKASRIEKFKSDYAKMLMNMHFGKENNVGSNINLKEEF,0
701,MNKQAYYALAAALAKHFNQPLDSVLRGESFALKAPEAALLGENIQQRSDFLKQINMIQVAHTKGQKLFGATEKGVTGRKQTGRNLANLDHTQNGFELAETDSGIIVPWALFDSFAIFKDRLVELYSEYFQNQVALDILQIGWNGQSVADNTTKADLSDVNKGWLKLLQEQRAANFMTESTKSSGKITIFGDNADYANLDDLAFDLKQGLDFRHQNRNDLVFLVGADLVSKETKLIQQKHGLTPTEKAALGSHNLMGSFGGMNAITPPNFPARAAAVTTLKNLSVYTEAESVRRSLRNDEDKKGLVTSYYRQEGYVVEDLGLMTAIDHTKVKLNGEV,0
702,MNRDIYTQIETVGVLEKRVEKAGTFELKAAAMALAKAQRKLSVLLAKGMAELEDRLKIAELRTK,0
703,MNRVLCVVIIVLAVGYGALWLATNHYRDNALTYKAQRDKKARELEQANATITDMQVRQRDVAALDAKYSRELADARAENETLRADVAAGRKRLRINATCSGTVREATGTSGVDNATGPRLADTAERDYFILRERLITMQKQLEGTQKYINEQCR,0
704,MNRVTAIISALVICIIVCLSWAVNHYRDNAITYKAQRDKNARELTLANRVITDIQMRQRDVAALDAKYTKELADAKAENDALRDDVAAGRRRLHIKAVCQSVREATTASGVDNAASPRLADTAERDYFTLRERLITMQKQLEGTQKYINEQCR,0
705,MNTQLMGERIRARRKKLKIRQAALGKMVGVSNVAISQWERSETEPNGENLLALSKALQCSPDYLLKGDLSQTNVAYHSRHEPRGSYPLISWVSAGQWMEAVEPYHKRAIENWHDTTVDCSEDSFWLDVQGDSMTAPAGLSIPEGMIILVDPEVEPRNGKLVVAKLEGENEATFKKLVMDAGRKFLKPLNPQYPMIEINGNCKIIGVVVDAKLANLP,0
706,MNYQKIYNDLISRAQAREPLSEYKETHHIIPRCMGGSDDKENLVELTAREHFIAHAILSKIYPVKSVIFAFFMMCNMKGTKKRHYKVHSKIYAHAKKLNSQFRKGTVISEETRLKMSKSENRSAFNRRNQTQNIGGNQRKG,0
707,MNYTKVYNNLIKKGKLRKLDKSKLNFYTEKHHIIPSCIGGNDDSDNLVLLTAREHFIAHWLLAKIHYNSPGLIYAWWSFYNFGEDSLGRNLKLTSRGYQLVREKFSKIHSNTMKEMWKSNEYREKRSITLSLPEIRAKISESQLEAQNKPEVKEKISKGVKAAFKRPGVKEKHSAAVKKSLNNFEAKKKQSNSSKIRQRTGKHWQDYDLLYKLWIKLNRPKRGSFGTYISKLGYPKSNYHRLIVQFNEDYERSNNENCS,0
708,MPACALNKKPAIGISEKKFEKALIEYMQNANFKREPKIPQEKQQDYDKLHQKIISIEKQRRNTKKPGPWS,0
709,MPATVAELQAEIAAWIHPLNPDRRPGGTIAKLLEEIGELIASDRAHDPLEVADVLILALDLATLLGVDVTEAIRAKLAINRARSWARADNGAMRHIPGSDTPSFP,0
710,MPKQLSPDQDKLHKNILRDRFLSSFKQPGRFRAELEKVKLILKRKGHE,0
711,MPKTQRGIYHNLKESEYVASNTDVTFFFSSELYLNKFLDGYQEYRKKFNKKIERVAVTPWNMDMLADITFYSEVEKRGFHAWLKGDNATWREVHVYALRIMTKPNTLDWSRIQKPRLRERRKSMV,0
712,MPKTQRGIYHNLKESKYVASNNDVTFFFSSELYLNKFLDGYQEYRKKFNKKIERVAVTPWNMDMLADITFYSEVEKRGFHAWLKGDNATWREVHVYALRIMTKPSTLDWSRIQKPKLRERRKSMV,0
713,MPLEPEKHEEILNMLLDPELPQSERTEALQQLRVNYGSFVSEYNDLTKSHEKLAAEKDDLIVSNSKLFRQIGLTDKQEEDHKKADVSETITIEDLEGK,0
714,MPLKPEEHEDILNKLLDPELAQSERTEALQQLRVNYGSFVSEYNDLTKSHEKLAAEKDDLIVSNSKLFRQIGLTDKQEEDHKKADISETITIEDLEAK,0
715,MPMERDSHEEILNKLNDPELEHSERTELLQQLRADYGSVLSEFSELTSATEKLRAENSDLIVSNSKLFRQVGITKEKEEEIKQEELSETITIEDLEKQAQL,0
716,MPRTARGIYHNLKESEYVVSNGDATFFFFSEMYQNKFLDGYQKHREEFNKKINRITDTPLNMDMLADITFYSNVEKRGFHAWLKGVNTTWQEIHVYALRTMTKPCTQNWSRIRKPKLVERRKSMV,0
717,MPRTARGIYHNLKESEYVVSNGDATFFFSSELYLNKFLDGYQKHREEFNKKINRITDTPLNMDMLADITFYSNVEKRGFHTWLKGCNASWQEIHVYALRTMTKPCTQNWSRIRKPKLAERRKNMV,0
718,MPVINTHQNIAAFLDMLAVSEGTANHPLTKNRGYDVIVTGLDGKPEIFTDYSDHPFAHGRPAKVFNRRGEKSTASGRYQQLYLFWPHYRKQLALPDFSPLSQDRLAIQLIRERGALDDIRAGRIERAISRCRNIWASLPGAGYGQREHSLEKLVTVWRTAGGVPA,0
719,MQDTILEYGGQRSKIPKLWEKFSKKRSPYLDRAKHFAKLTLPYLMNNKGDNETSQNGWQGVGAQATNHLANKLAQVLFPAQRSFFRVDLTAKGEKVLDDRGLKKTQLATIFARVETTAMKALEQRQFRPAIVEVFKHLIVAGNCLLYKPSKGAMSAVPMHHYVVNRDTNGDLMDVILLQEKALRTFDPATRMAIEVGMKGKKCKEDDNVKLYTHAQYAGEGFWKINQSADDIPVGKESRIKSEKLPFIPLTWKRSYGEDWGRPLAEDYSGDLFVIQFLSEAMARGAALMADIKYLIRPGSQTDVDHFVNSGTGEVITGVAEDIHIVQLGKYADLTPISAVLEVYTRRIGVIFMMETMTRRDAERVTAVEIQRDALEIEQNMGGVYSLFAMTMQTPIAMWGLQEAGDSFTSELVDPVIVTGIEALGRMAELDKLANFAQYMSLPQTWPEPAQRAIRWGDYMDWVRGQISAELPFLKSEEEMQQEMAQQAQAQQEAMLNEGVAKAVPGVIQQEMKEG,0
720,MQSVITDVTGQLTAVQADITTIGGAIIVLAAVVLGIRWIKAQFF,1
721,MRIDSLGWSNVDVLDRICEAYGFSQKIQLANHFDIASSSLSNRYTRGAISYDFAAHCALETGANLQWLLTGEGEAFVNNRESSDAKRIEGFTLSEEILKSDKQLSVDAQFFTKPLTDGMAIRSEGKIYFVDKQASLSDGLWLVDIEGAISIRELTKLPGRKLHVAGGKVPFECGIDDIKTLGRVVGVYSEVN,0
722,MRILFSADHHIKLGQDKVPKEWQKRRFLMLGERLNDIFHNHNCDLHIAGGDILDVADPSSEEIELLEQFMSRLDHPGKIFTGNHEMLTKTISCLYHYAGVINKVTSGKWEVITKPYRSPEFDIVPYDEIHKAKWKPPVSKLCFTHVRGEIPPHVKPEIDLTKYNCYDTVIAGDLHSYTNSQTIGSTRLLYPGSPLTTSFHRERTKGTNGCFIIDTDTLKVEWIELGDLPQLIRKTIGAGEEMEPSDYDRVVYEVTGDVVQLKSIKDSDLLDKKINHRVTKDAKLNLVDLDMLGELELYFREVEKLSQGDIDRILARAAKYVKDYN,0
723,MRIQSTVNGGFAEVSDEYAQRLIAAGGWKRPRKPRTTKPKPAPKQEPATEE,0
724,MRKFVTTLTASPRNKKVGNHRLEISPFVSLRRYYYFNTAICIENPVTREFAIDDSYGSLSTNQNCAQYRQYFSLGGYKEVSLEEIHAV,0
725,MRLEDLQEELKKDVFIDSTKLQYEAANNVMLYSKWLNKHSSIKKEMLRIEAQKKVALKARLDYYSGRGDGDEFSMDRYEKSEMKTVLSADKDVLKVDTSLQYWGILLDFCSGALDAIKSRGFAIKHIQDMRAFEAGK,0
726,MRLIREDSIEKHLVSEVRKIGGIAYKFVSPGRRGVPDRLVALPNGKIIFVECKAPGEKPTPYQLREHARLFALGHQVIVLDSQDLSSILPAVN,0
727,MRLTINLSGFLEEIPEVEAIPYLLKMYLREVLALDIDIDPENPYDTAFKSNGVELNYRYHLTDDDFYFILEK,0
728,MRNRIMPGVYIVIIPYVIVSICYLLFRHYIPGVSFSAHRDGLGATLSSYAGTMIAILIAALTFLIGSRTRRLAKIREYGYMTSVVIVYALSFVELGALFFCGLLLLSSISGYMIPTIAIGIASASFIHICILVFQLYNLTREQE,0
729,MRPNDWRKKNRIQQIEYKKNNLTKDDIELLEEIVKRAKRGEFVDFMFAASLNTPDDMVFVGYTDYMSIRNMSSSRQNHYYACMTP,0
730,MRQDIEASVIGGLLIGGLTPTASDVLATLEPEAFSIPLYRKAFEVIRKQARNRNLIDGLMVAEECGDEYATAVMMTARSCPSAANLKGYAGMVADSYQRRQVLQLLDEMREPISNGTLDASGRAMDELVKRLSSIRKPRNEVKPVRLGEIINDYTDTLDRRLRNGEESDTLKTGIEELDAITGGMNAEDLVIIAARPGMGKTELALKIAEGVASRVIPGSGVRRGVLIFSMEMSAIQVVERGIAGAGMMSVSVLRNPSRMDDEGWARVASGMKLLAELDVWVVDASRLSVEEIRSISERHKQEHPNLSLIMADYLGLIEKPKAERNDLAIAHISGSLKAMAKDLKTPVISLSQLSRDVEKRPNKRPTNADLRDSGSIEQDADSIIMLYREAVYDENSSAAPFAEIIVTKNRFGSLGTVYQRFCNGHFVACDQDEARQICTASNAPAGRRKRYAQGADV,0
731,MRQKTIDAIMAHAAAEYPRECCGVVAQKSRVERYFPCRNLSAEPTEHFHLSPEDYAAAEDWGTVVAIVHSHPDATTQPSELDKAQCDATLLPWHIVSWPEGDLRTIQPRGELPLLERPFVLGHFDCWGLVMSYFRQTHGIELHDYRVDYPWWENSYPDNFYQDCWYECGFREFDGPPQEGDLVIMQVQADKWNHAGILLEGNMLLHHLYGHLSQRVPYGGYWQERTMKIVRYKDVRGNEACRK,0
732,MRRAKLDKNATSNAVAYCSATGRHNLSATHASRLAFSVFSHPNVKAFLKSMEKETIDDMIMGRDELLSELTDIASTTIDDIVQIVHSSDNMMNVKRGRFIQDLSRSLLTT,0
733,MRRQRRSITDIICENCKYLPTKRSRNKAKPIPKESDVKTFNYTAHLWDIRWLRHRARK,0
734,MRRQRRSITDIICENCKYLPTKRSRNKRKPIPKESDVKTFNYTAHLWDIRWLRHRARKTR,0
735,MRRQRRSITDIICENCKYLPTKRSRNKRKPIPKESDVKTFNYTAHLWDIRWLRHRARNTR,0
736,MRRVLITGSRIWKDRTTVWEALATEYHRSFSGLTVVHGGARGADDIADRWAWGMKQEGWDVLPELHRADWERYGKRAGILRNIEMVRAGADICLAFPLGNSVGTRHCMREAERAGIPVINFGDRL,0
737,MRRVLITGSRVWKDRTTVWDALADELHRSPYGLVVVHGGARGADDIADRWAWGMRQEGFNVTPELHRADWEWHGKKAGVLRNIEMVRAGADVCLAFPLGRSVGTRHCMREAQKAGIPVINFGDKP,0
738,MRSVGNVDLTIGLVTVPVKMVGVSESHDRKASMYHPHEDGNFGKIKMPKLCEDCGEVVPTADIAKGFEEGGDIVILTADELASIAAATGAALEVPQFVKAEQINPMLFANENIYRLVPDPKRGRQAATTYLMVRHILVSQELVGVVQYTRWGRNRLGVLDVEPSDDGGVLVIRNMMWADELRSTEGIVPTNVTEDDIDPRLLPVMASVVESMTGDWDPTAYTDRYTEQLSEAITAKAQGDEIATVASESGKAIDDVSDLLAKLEASIQKKAPAKKATARRKKTA,0
739,MRTYWNVSLDRSNGKRFERLVHYICVPIISIHHAEDTISMTRKEVGHLAETIANHIILDINGTYRTFSVNDIVHCSLEKVITLEGDVTNEFIDRLQILVNKEVQGSQSTQQSLSSVFESTLEKYNSPDDFADYLEETEEEVDYEDYSLDDTIDAISYALKTQEPVQAEWCLLMVDVYTGTLTEVTVETDKDKTLDSILGKYLENGFECVSKKRLGEVLRSA,0
740,MRVAITEGPSPCTALIRFQPKSFITFYKHQTFFTDMHYNTFIAYRFFSSASCRCDLRPDNQSLHWLATNNPLSIPETAAVHVLPRQAWRTLMRPEENGKNLFGDIAPAAGPL,0
741,MRVLSTVLAAKNKIALGAATMLVSAGSFAAEPNAATNYATEAMDSLKTQAIDLISQTWPVVTTVVVAGLVIRLFKKFSSKAV,1
742,MRYSLDSYLISVYIRLTQRKSDYMCTNPIIPIVQYKVPVKSSLDVVDWSKFRSNFKANLFFFEKNVVRRAVSNVDEAFRFTEQLKQVSYLSTFDLDGYHQVKQFSFPLPCRKCSECLQKRSKDLAVQATMEARSHEENSVLILTYDNDHLGDNILDYDHIRVFQKRLRRYVDYHYGKKIKFLTVGEYGDKKGRMHWHMIVFGWKPKSEEQLEPYLGGKYRTDVRYRSRKLKELWKFGYVDVDEATDGNIFYVARYVQKKFVVGCDLDSSKSSSRREKKTASQALGLDYFFSYLRQFLKTKRIVLNGFRYGFPRYFKDLLRKLVSEDSEFDTEYYNALRKRLLSVCSYSMVNKYFTYLECLVEVLPVLNFHDLYQRALRYMDQSILKPHASDHDGEYNTT,0
743,MSATSEYPVQRWFGMEVLDHSQGAIDWSRMRSGAPLLAQHDRWSTKGQIGVVEEAWLDDDRRMRVRVRFSKSKEAEEIWRDVVDGIRRNVSCGYLPQEMVLEKREGDLEHFRVTRWQPFEISIVSVAADPTVGIGRSTDQTTSTITIRGSEMDEQENTTTTAQQPGKSVNGEHQEPTTRTFAEPKDGALEKERQRSADILALGERFSQRDLAMQAVTQGYSVDSFRRQLLDAQAPQPIDTNPGDNQRDLPQFNHQRPGQNVEKLGITERDMSQYSLLRAINAMATGDYKDAGFEREVSNAIADASGTEARGLFMPHEALFGGMLRQQEKKTPSKGGILVDTDMRTDMYTEILKNRTVLGALGATVLSGLQGDVDIPKQLSEGNFYWLDEDGEAPQSDIDFGTIGLSPKTISGAIAITRRLRKQASMSIENLVRNELLSGVAVTTDKGYLYGTGEDNQPLGLMYQTGIPGLTYADKFGWDEAVDMETQVGQANVSANGMGYLTSVGQRGAGKKTFVAAGTGERLWHNNEVNGYRAMASNQVNADTWVFGDWAQVLIALWGVVDLKVDQATKAASDGLILRVFQDVDVNARRKEAFSIARKSVA,0
744,MSDNPTPESTPEAETPEVEKPMEPQGKVFDEAYVQSLRQEAAAARVAKKDAVEAAEARVKAEYEAKLAERDTAYTELQNQLGQAWIELEKVYLSLDAKVPNDKVRAFVEILEGNDRDSIAESVKSRLELVGGFGNKTPSPAFDPSQGRGGKPPIPLNGDPILEAIKAAVGIKK,0
745,MSDYHHGVQVLEINEGTRVISTVSTAIVGMVCTASDADAETFPLNKPVLITNVQSAISKAGKKGTLAASLQAIADQSKPVTVVMRVEDGTGDDEETKLAQTVSNIIGTTDENGQYTGLKAMLAAESVTGVKPRILGVPGLDTKEVAVALASVCQKLRAFGYISAWGCKTISEVKAYRQNFSQRELMVIWPDFLAWDTVTSTTATAYATARALGLRAKIDQEQGWHKTLSNVGVNGVTGISASVFWDLQESGTDADLLNESGVTTLIRRDGFRFWGNRTCSDDPLFLFENYTRTAQVVADTMAEAHMWAVDKPITATLIRDIVDGINAKFRELKTNGYIVDATCWFSEESNDAETLKAGKLYIDYDYTPVPPLENLTLRQRITDKYLANLVTSVNSN,0
746,MSEFTCVEAKSRFRAIRWTVEHLGLPKGFEGHFVGYSLYVDEVMDMSGCREEYILDSTGKHVAYFAWCVSCDIHHKGDILDVTSVVINPEADSKGLQRFLAKRFKYLAELHDCDWVSRCKHEGETMRVYFKEV,0
747,MSELALIQKAIEESQQKMTQLFDAQKAEIESTGQVSKQLQSDLMKVQEELTKSGTRLFDLEQKLASGAENPGEKKSFSERAAEELIKSWDGKQGTFGAKTFNKSLGSDADSAGSLIQPMQIPGIIMPGLRRLTIRDLLAQGRTSSNALEYVREEVFTNNADVVAEKALKPESDITFSKQTANVKTIAHWVQASRQVMDDAPMLQSYINNRLMYGLALKEEGQLLNGDGTGDNLEGLNKVATAYDTSLNATGDTRADIIAHAIYQVTESEFSASGIVLNPRDWHNIALLKDNEGRYIFGGPQAFTSNIMWGLPVVPTKAQAAGTFTVGGFDMASQVWDRMDATVEVSREDRDNFVKNMLTILCEERLALAHYRPTAIIKGTFSSGS,1
748,MSENFKQMLAESGLPTEETQIRQEFERLTAEEGLITNTSRMSPFWRLITAIAVKPVKWLTDHLIAEILPNLFVKTAKDSWLQIQAWAVGLDFKAATKAEGVVHFTKESDVTDLTIKAGTVIQTERINDVIFRLIVTQETIIPKGVLRAPVPVIAEQAGANFNLAAGYYRILPESIAGVSAVENLEDWLTSPGADRETNDELRERYRTQFSSVGQHHIDSVYKGMIAKVAALSVDRIYFKHDAPRGPGTANAYLLLDTGVTSQPFIDKVNRYVRDEGFHGHGDDLICYAMPETKHNLTCAIYFQPSIFVGDVRKQEIVQQVENMIRCAFRENNNYGVTRTYPFTVLVGRNWARKFTTTSAKLHLSYGGKSTFKASYLFHAFSNYPSQSKSKGQK,0
749,MSFLNDLTRPNYAGKNADVDIHLEEHLGIVDKHFAYTSKFAPLMNIRDLRGSNVVRLDRLGNVEAKGRRAGEELERSRVVNDKWNLTVDTLLYLRHQFDHQDEWTQSFDMRKEVAELDGQELARKFDQACLIQVIKAAAMDAPVDLEDAFSPGVLEKLDLTGLTAKQAADKIVRMHRRVVETFIDRDLGDAVYSEGLTPMSPRVFSLLLEHDKLMNVEYQATGATNDYVKSRVAILNGVKVLETPRFATKAIAAHPLGRHFNVSAEESERQIALFLPSKTLITAQVAPVQAKLWEDNEKFSWVLDTFQMYNIGARRPDTAGAIELKGIGAFDITA,0
750,MSGKIQHKAVVPAPSRIPLTLSEIEDLRRKGFNQTEIAELYGVTRQAVSWHKKTYGGRLTTRQIVQQNWPWDTRKPHDKSKAFQRLRDHGEYMRVGSFRTMSEDKKKRLLSWWKMLRDDDLVLEFDPSIEPYEGMAGGGFRYVPRGIEDDDLLIRVNEHTNLTAEGELLWSWPDDIEELLSEP,0
751,MSGLSYDKCVTAGHEAWPPTVVNATQSKVFTGGIAVLVAGDPITEHTEIKKPYETHGGVTQPRTSKVYVTGKKAVQMADPISCGDTVAQASSKVFIK,0
752,MSGVVAVQVCTAWTSTPEGFMACRELAWQQAYLIPPEAAGYVDILVNGGFSPEAFGIGAAGVLGSFVTGLLIGWVASLLRKAK,0
753,MSIKTLISVLRVTLLTACLLPSLFFVRSAIAGPYIWEVVMYSSSGSSTPAEACEKARVVADRSPDWNYTSATPKMNGLDNSYCSVVYVSRRDPSVVNTCDDCASWKLFRKGDQCANADDTYNASTGICEPPPKECKEGELFPAKGPDSPVVTSGGRNYVGDGGAPTACYQSCEYGGNPSPASCYLVKGSTTTGFCNYILKGTGQSCGADSYTFSQTGDSLNPPDTPNTDPSDPNDPGCPPGWSWSGTTCVKTPTDPTDPTDPTTPGGDGGGDGNGGGNNNGGGNDGGTGNGDGSGGGDGNGAGDGSGDGDGSGTGGDGNGTCDPAKENCSTGPEGPGGELKEPTPGTWDDAIATWEKKVEEAKKELKTKVKANVDQMKGAFDLNLAEGGGQLPCESMTIWGKSYSLCISDYAGQLSSLRVALLLMAALIAALILLKD,0
754,MSISSRVKSKRIQLGLNQAELAQKVGTTQQSIEQLENGKTKRPRFLPELASALGVSVDWLLNGTSDSNVRFVGHVEPKGKYPLISMVRAGSWCEA,0
755,MSKGFTFEKNLPHQKAGVDAVMNVFVSATSHQEDNVSIRLLVNPELRLTEQQYYKNIKKVQELNGIEHVKNNYDARSNVIDVSMETGTGKTYTYTKTIFDLNKSFGINKFIIIVPTLSIKAGTVNFLKSDALKEHFRDDYEREIKTYVVESQKNAGKSTKSYMPQAIHDFVEASNFNKKYIHVLVINTGMIHSKNLNSTYDVGLLDNHFDSPFSALGAVKPFIIIDEPHKFPTGKKTWENIEKFNAQYIIRYGATFSEGYKNLVYRLTAVDAFNEDLVKGIDAYIEDIVGDGDANLKFIKSDGEEVTFELNENNKKTLFKLTKGESLSKTHSAIHDLTLDALGKNTVVLSNGIELKIGCSINPYSYDQTLADSMMRKAIKEHFKLEKEFLTQRPRIKPLTLFFIDDIEGYRDGNNIAGSLKAKFEEYVLAEANELLKIEKDEFYSNYLEKTVKDISSVHGGYFSKDNSDKDDKIEKEINEILHDKELLLSLDNPRRFIFSKWTLREGWDNPNVFQICKLRSSGSTTSKLQEVGRGLRLPVNEYMCRVKDRNFTLKYYVDFTEKDFVDSLVKEVNESSFKERVPSKFTQELKEQIRAQYPELSSRALMNELFNDEIIDDNDNFKDSDAYSRLKSKYPAAFPIGVKPGKIKKATDGKRRTKMRVGKFSELKELWELINQKAVIEYKINSENEFLSIFKSFMLEETERFTKSGVHTRIDKIYIHNDMAMSKSIVSDDDDFAKLNTMSYREFLDNLSQTIFVKHDTLHKVFCDIKDTINITEYLNIQTIRKIKSGFSKYLLNNSFNKFSLGYNLISGSIHPTKFTNADGKPLDEVLSSDLGVLQDNSKAPLDTYLFEEVFYDSELERRNITDREIQSVVVFSKIPKNSIKIPVAGGYTYSPDFAYVVKTAEGDYLNFIIETKNVDSKDSLRLEEKKKIEHAQALFNQISQSVKVEFKTQFANDDIYQLIKSALP,0
756,MSKLVWLDAGHGGKDSGAAANGIKEKDIVLKIVKKVKSILTSRYEVAVKLTRDSDVFYELIDRARKANAAKADLFVSVHINATPGGKGFETYRYVKTSASSSTGQQQKVLHDAIYKRIKKYGIKDRGEKAADLSVLRNTSMPAVLTENLFIDNKDEAALLKKDSFLNDVAEGHAEGIAEILNLKKKSGGSAPKKEDKPSSGKTKMVIVKDNPDGFLWVYNKADWNARYKKVKPDEAFTIDKTVTVNGSKMYKLKSGLYITAASKYVTVKEK,0
757,MSKQNAICINIHMEQPYMTREEFAKKLDVSTRTIDRLRQQGVLKCIKMKNDEGEETERGLVLVDLVAIAVRNAKNAFQI,0
758,MSLFRRGETWYASFTLPNGKRFKQSLGTKDKRQATELHDKLKAEAWRVSKLGETPDMTFEGACVRWLEEKAHKKSLDDDKSRIGFWLQHFAGMQLKDITETKIYSAIQKITNRRHEENWKLMDEACRKNGKQPPVFKPKPAAVATKATHLSFIKALLRAAEREWKMLDKAPIIKVPQPKNKRIRWLEPHEAKRLIDECQEPLKSVVEFALSTGLRRSNIINLEWQQIDMQRKVAWIHPEQSKSNHAIGVALNDTACRVLKKQIGNHHKWVFVYKESSTKPDGTKSPVVRKMRYDANTAWRAALKRAGIEDFRFHDLRHTWASWLVQAGVPISVLQEMGGWESIEMVRRYAHLAPNHLTEHARQIDSIFGTSVPNMSHSKNKEGTNNT,0
759,MSNPDALPFLTEMTVADIISKQAKHGVSFNRRNARWYVHLLKEIIVNIDRELIPLLPKMRLDGSTYMKPFKKSGALQKWPQAYCDRVGLKREDIGGAFTCVEYVDFDPSKDARVKEALMDEGFLPPEFNVSKKPWNTFEIKKDMRKYGTYQAWYTAWMRGNAKQKQTAEMVDADIKKFLEKHFRFKTKNYMKAYVFGLGLNPNRRNPVTFDEIKKALATSNKWPTAPTNLEETLEEGLGGELGSVGSLLKRRVVAAHRLGLISGLIAKEREDGKLSAEANSCATPTFRFKHRIVVNIPSRGLFGHECRSLFESDYNSDSDHSRPFVITNVVPDGCYIRKGTNVIYEKGKPGKKDKPVGAYKYYIPAGKEVFLGYDGSGLELRMLAHYLIKECRDMLAEAIEENNPAKKALAERGLASAIMYRDILLEGDIHSHNQKLAGLPTRDNAKTFIYAFNYGAGDAKLGSIVGGGADEGSVMRARFLAENPCIAILIDRMTEKAAQGYLIGVDGRKITMRRDATGKVMVHKALNTLLQCAGAVVMKYAMMFLNKWIEKDKVRCAKVIDMHDEGQFSVNRNDVQKLKEHTELCVKKAGEYLNMECPLASDCQIGLNWMHTH,0
760,MSNTISEKIVLMRKSEYLSRQQLADLTGVPYGTLSYYESGRSTPPTDVMMNILQTPQFTKYTLWFMTNQIAPEFGQIAPALAHFGQNETTSPHSGQKTG,1
761,MSRIKAIIASVIICIIVCLSWAVNHYRDNAITYKEQRDKATSIIADMQKRQRDVAELDARYTKELADANATIETLRADVSAGRKRLQVSATCPKSTTGASGMGDGESPRLTADAELNYYRLRSGIDRITAQVNYLQEYIRSQCLK,0
762,MSRKIILIKQELLLLVYELNRSGLLAENEKIRPILAQLEKLLLCDLSPSTNDSVKN,0
763,MSRTIYLSTPSGAGDHLLESLFKEAKKEERKDRRLAVSIRLEDLAVHITNSDMTGKEAAELLRREATRFENESQELH,0
764,MSRVTAIISALIICIIISLSWAVNHYRDNAIAYKAQRDKNARELKLANAAITDMQMRQRDVAAL,0
765,MSRVTAIISALVICIIVCLSWAVNHYRDNAITYKAQRDKNARELKLANAAITDMQMRQRDVAALDAKYTKELADAKAENDALRDDVAAGRRRLHIKAVCQSVREATTASGVDNAASPRLADTAERDYFTLRERLITMQKQLEGTQKYINEQCR,0
766,MSTITQFPSGNTQYRIEFDYLARTFVVVTLVNSSNPTLNRVLEVGRDYRFLNPTMIEMLVDQSGFDIVRIHRQTGTDLVVDFRNGSVLTASDLTTAELQAIHIAEEGRDQTVDLAKEYADAAGSSAGNAKDSEDEARRIAESIRAAGLIGYMTRRSFEKGYNVTTWSEVLLWEEDGDYYRWDGTLPKNVPAGSTPETSGGIGLGAWVSVGDAALRSQISNPEGAILYPELHRARWLDEKDARGWGAKGDGVTDDTAALTSALNDTPVGQKINGNGKTYKVTSLPDISRFINTRFVYERIPGQPLYYASEEFVQGELFKITDTPYYNAWPQDKAFVYENVIYAPYMGSDRHGVSRLHVSWVKSGDDGQTWSTPEWLTDLHPDYPTVNYHCMSMGVCRNRLFAMIETRTLAKNALTNCALWDRPMSRSLHLTGGITKAANQRYATIHVPDHGLFVGDFVNFSNSAVTGVSGDMTVATVIDKDNFTVLTPNQQTSDLNNAGKNWHMGTSFHKSPWRKTDLGLIPSVTEVHSFATIDNNGFAMGYHQGDVAPREVGLFYFPDAFNSPSNYVRRQIPSEYEPDASEPCIKYYDGVLYLITRGTRGDRLGSSLHRSRDIGQTWESLRFPHNVHHTTLPFAKVGDDLIMFGSERAENEWEAGAPDDRYKASYPRTFYARLNVNNWNADDIEWVNITDQIYQGGIVNSGVGVGSVVVKDNYIYYMFGGEDHFNPWTYGDNSAKDPFKSDGHPSDLYCYKMKIGPDNRVSRDFRYGAVPNRAVPVFFDTNGVRTVPAPMEFTGDLGLGHVTIRASTSSNIRSEVLMEGEYGFIGKSIPTDNPAGQRIIFCGGEGTSSTTGAQITLYGANNTDSRRIVYNGDEHLFQSADVKPYNDNVTALGGPSNRFTTAYLGSNPIVTSNGERKTEPVVFDDAFLDAWGDVHYIMYQWLDAVQLKGNDARIHFGVIAQQIRDVFIAHGLMDENSTNCRYAVLCYDKYPRMTDTVFSHNEIVEHTDEEGNVTTTEEPVYTEVVIHEEGEEWGVRPDGIFFAEAAYQRRKLERIEARLSALEQK,0
767,MSTKKKPLTQEQLEDARRLKAIYEKKKNELGLSQESVADKMGMGQSGVGALFNGINALNAYNAALLAKILKVSVEEFSPSIAREIYEMYEAVSMQPSLRSEYEYPVFSHVQAGMFSPELRTFTKGDAERWVSTTKKASDSAFWLEVEGNSMTAPTGSKPSFPDGMLILVDPEQAVEPGDFCIARLGGDEFTFKKLIRDSGQVFLQPLNPQYPMIPCNESCSVVGKVIASQWPEETFG,0
768,MSVITKVAAAKNKIVVGAGLLMASAGAFAADDGTSTATSYATEAMNSLKTQATDLIDQTWPVVTSVAVAGLAIRLFKKFSSKAV,1
769,MSVQIKHGNKTFVVDPSGDVKEGSYVLYLYEYRLGEVDVGRVSEVANDGRLYLDGPGVIVTLDQPFILLKEVVEEEEDEDDRIDAEFHNDPLLRKLENTTEKLTPEETQLAQWTTMTRVFSHDLKKGIPYAIKHKNSGNILYGLYSGLLNPVTALFRHLNEESKISIEQLKSGLIEIYEVVEDEEESIWN,0
770,MSYYVCVQLVNDVCHEWAERSDLLSLPEGSGLQIGGMLLLLSATAWGIQQIARLLLNR,0
771,MTATGIAEVIQRYYPDWDPPPDHYEWNKCLCPFHGDETPSAAVSYDLQGFNCLACGVRGDVISIIRHEEEVSFAEAVRIAEGLSVGGNIPVQRKPARKPSRRVFGESRSSGSSGSTVRPGIRGRSTPWS,0
772,MTDDISKLFSRATRKALIGWETNLTAEEIIQELWVWYLESPYIQKTLESLHRGEAVHYVRNQVRNILSGAAKARDLFQERSHYSSENVKEALQGESTNRYLVDILPLAMKALDAQNGGYAEAIRSRYTDGISPKDKSGQNRLFRAHKSLTEHVNIIAITAGVEKDDKGKVIVKDGPGSKHAIFPDIRKSQGDGHSDPTANIAIMLIENPELRDGYLYEPPISEFLGGRCHAQHS,0
773,MTDIVLNDLPFVDGPPAEGQSRISWIKNGEEILGADTQYGSEGSMNRPTVSVLRNVEVLDKNIGILKTSLETANSDIKTIQGILDVSGDIEALAQIGINKKDISDLKTLTSEHTEILNGTNNTVDSILADIGPFNAEANSVYRTIRNDLLWIKRELGQYTGQDINGLPVVGNPSSGMKHRIINNTDVITSQGIRLSELETKFIESDVGSLTIEVGNLREELGPKPPSFSQNVYSRLNEIDTKQTTVESDISAIKTSIGYPGNNSIITSVNTNTDNIASINLELNQSGGIKQRLTVIETSIGSDDIPSSIKGQIKDNTTSIESLNGIVGENTSSGLRANVSWLNQIVGTDSSGGQPSPPGSLLNRVSTIETSVSGLNNAVQNLQVEIGNNSAGIKGQVVALNTLVNGTNPNGSTVEERGLTNSIKANETNIASVTQEVNTAKGNISSLQGDVQALQEAGYIPEAPRDGQAYVRKDGEWVFLSTFLSPA,1
774,MTDLAIIWTNGRGDIAQDGIDMLTDDSLTTDVTISLFTDRRALDSDTLPDGSDDRRGWWGDSYRDRPIGSRLWLLSREKATPDTLERARGYAEEALEWLKTAGRVSAINVRAEQLHQGWLYLYIALTLPDGSVIPYEFKAAFNGV,1
775,MTDNFFHGARVKENTDLQTAINDVDSTVIGLVAVADDADATTFPLDTPVLITRVISVLGKAGKTGSLYKSLKAISDQVSTRVIVVRVAAAGTEDGAKTQSQLIIGGSQADGSYTGMFALLTAEQKVGYRPRILGVPMYDTQEVTAQLRVIAKQLRAFSYSYCDGCETIAEAKTYREQFAEREGMLIWPNFIAYNSVSGENEEFPAVAYALGLRAKIDNEQGWHKSLSNVAVSNVLGITKDVFWALQAEDSDANELNANEVTTLIKRDGFRFWGNRTTDKDEYIFEVYTRTAQILADTIAEAQFTTVDSPLTPANVKDVVSGINAKLQGLVTAGRLIGAACWFDIVDNPKTSIPQGKAVVRYNYSPVPPLEDLTMIQTFTDQYYEAAFASLGGA,1
776,MTDTKTLLPLRSVSQLNQYTRCPQAYKLARIDKVWARPAAWLPQGTAFHTVAEVYEKALAEGREMSLERAQEIFREEYAKDIGALCDETPNFEWWFWSGPYNGERDIERRFHLGLEQVEKFIAWRKDKGQQIWTTPGRGICSTEAWKDTNCKECEQPKPAIELPFNIELDGIRVRGFIDAVVVVNGELRVRDYKTGNSPGDDFQLGVYALAVAMTYDVEAPKTGDYFMAGKKGIKAKPTAPYDLTDWTRERITERFHEVEARIQAGDFEPLPEPDKCGFCDVNYSCPVFK,0
777,MTENIISWNVANWVTVILMALAGYAVLALAAKVINNRAQEPA,0
778,MTFASKSLLLAAVFTAVLSGGLWHRLDSTRHDNQTLRRELQTEQQARHTAEWLLHGQEQTMQVFSAIRAANRAARLADETEHHDAKEKITTAITGDNCSTRPVPAVAADRLRELEKRTRAIGGDPARN,0
779,MTGDINKLFMRATRKAMIGWETNLTADEIVQELWVWYLESPYIQKKLGELRPGEAVIYVRKQVHNILSGSAKARDLFQERSHYSSDNVKDALRGESTNRYLVDILPLAMKELGSKNERHAEAIRVRYDDGVVPERGSAAEAMLKRAVKSLTEHVNIIAITAGVERDDNGKVIVKDGPGSKHAIFPDIRKVQGEGHSDPTANIAIMLVEHPGLRDEYLYEPPIPEFLGGRCYAKSA,0
780,MTGKRLKASVIIDLNGNLSRRSRQYSNQINALSRSGQSSLRALRMEVVRVSGAIDRMGSLSTRTFRMLSAGALGIAGVGYTANKLFIGAAAQREQQIIAMNSLYHGDKVRAQAMMAWAKQNAKDTTWGLSGVLDEIRSSKGFGMTDEQTKQFITMLQDQGAMHGWDLPTAQGASLQLKQMFARQQITAADANLLTGYGINVYQALADATGTDVKKIRDLGTKGKLGMKSILTVFRTLSEQSKGAQASAMNSWDGMFAQMEANLLEFRIKVANSGPFEEIKNEMRRVLNWHDMADKSGELDALAENIGQKFLTTFRTVKISAQELWRWLKPGKDALAWVDQNIVSLKKLAAVLVSVWLANKALRAGWAVAKPSWQVASYPFKTGRRMWRWMRNRKRGQAGLPVPDAMTSETLLQGIGIQRVFVINWPRGFGDYGSGGGRRVRSGGRMAPLLPRQPLLLSGPQPLALPAPRPVLALPPPGVPVTARPAPLPLPGKSGLLSRLAGSAAGQLVTGTVGKLADAGRAVGGWFSGIGNKLAGSAIGRVVTKGAGALGWMGKGAGRALSRLGGPVMGALQLAPVLMDEQASTHEKAGAIGSTAGAWLGGAVGSLAGPLGTVAGATLGSVAGEYLGGFVTDLYQKWTATDKEPQEQKVNAEASLRVELGEGLRLTSSRVTEDGMGLNIYAGDNYITGW,1
781,MTIETFSWGIKVSSQPTEGSKDTVRKIQFGDGYAQVSGSGLNDEIRTYEFSFSGDPITANEIHAFLRRHKVKSFIFTPPFGDTALWRVEADTLKKVVKNVKVITVTATFEQAFAP,1
782,MTIKNRGPYTLIKAAVQRLIKKYKTSNPYELASYININVIPWNLHHEIMGFYKYDKRNKYIVINSNLNQAERTFVCSHELGHAQLHPRANTPFMKERTLFSVDKYEVEANTFAVELLLPDWVVSQYKNTEFTLDDIAVMNGVPAELAHLKDLSELKNF,0
783,MTKITVNYTVDVKDIQPKHVRSESNPQNQNKIRRAWVLSLSDNAMEVIQNKIKSAPARHAYYEAIDREVSNKWIELMRKHTTESLNAGAKFIMTSCGERLEDDYCGNADERLIVAAQIVAETIAADFNR,0
784,MTKKPWERRLKDLSHLLKCCIDTYFDPELFRLNLNQFLQTARTVTFIIQKNKNQIIGYDIWYNNNVIEKWKNDPLMAWAKNSRNTIEKQGDLEMYSEAKATLISSYIEENDIEFITNESMLNIGIKKLVRLAQKKLPSYLTESSIIKSERRWVANTLKDYELLHALAIIYGRMYNCCNSLGIQINNPMGDDVISPTSFDSLFDEARRITYLKLKDYSISKLSFSMIQYDNKIIPEDIKERLKLVDKPKNITSTEELVDYTAKLAETTFLKDGYHIQTLIFYDKQFHPIDLINTTFEDQADKYIFWRYAADRAKITNAYGFIWISELWLRKASIYSNKPIHTMPIIDERLQVIGIDSNNNQKCISWKIVRENEEKKPTLEISTADSKHDEKPYFMRSVLKAIGGDVNTMNN,0
785,MTKQLSPYQDKIHKHILRDRFLSSFKQPGRFRAELEKVKLMQKEKGHE,0
786,MTKRKEYMETAEKAVRELAIAYYNEHGKFPDRYSVLKSALTRSYKNMLSEVSDIIYKHKEQTGQSLDYDETFKQVLGIKE,0
787,MTLLSPGIELKETTVQSTVVNNSTGTAALAGKFQWGPAFQIKQVTNEVDLVNTFGQPTAETADYFMSAMNFLQYGNDLRVVRAVDRDTAKNSSPIAGNIDYTISTPGSNYAVGDKITVKYVSDDIETEGKITEVDADGKIKKINIPTGKNYAKAKEVGEYPTLGSNWTAEISSSSSGLAAVITLGKIITDSGILLAEIENAEAAMTAVDFQANLKKYGIPGVVALYPGELGDKIEIEIVSKADYAKGASALLPIYPGGGTRASTAKAVFGYGPQTDSQYAIIVRRNDAIVQSVVLSTKRGEKDIYDSNIYIDDFFAKGGSEYIFATAQNWPEGFSGILTLSGGLSSNAEVTAGDLMEAWDFFADRESVDVQLFIAGSCAGESLETASTVQKHVVSIGDARQDCLVLCSPPRETVVGIPVTRAVDNLVNWRTAAGSYTDNNFNISSTYAAIDGNHKYQYDKYNDVNRWVPLAADIAGLCARTDNVSQTWMSPAGYNRGQILNVIKLAIETRQAQRDRLYQEAINPVTGTGGDGYVLYGDKTATSVPSPFDRINVRRLFNMLKTNIGRSSKYRLFELNNAFTRSSFRTETAQYLQGNKALGGIYEYRVVCDTTNNTPSVIDRNEFVATFYIQPARSINYITLNFVATATGADFDELTGLAG,1
788,MTLLSPGIENKEINLASAIGRAATGRAAMVGKFEWGPAYSITQVTSESDLVTIFGRPNDYTAASFMTANNFLKYGNDLRLVRICDATTAQNATPLYNAVEYTIGASNGCVVGDDITITYSGVGALTAKGKVLEVDAGNNNAASKIFLPSAEIVAAAKSDGNYPSVGTITLQPTQGDIALTNIEIIDTGSVYFPNIELAFDALTAIETEGGALKYADLIEKQGFPRLSARYVGDFGDAISVEIINYADYQTAFAFAAGHTLGDIELPIYPDGGTRSINLSSYFTFGPSNSNQYAVIVRVSGEVEEAFIVSTNPGDKDVNGQSIFIDEYFENSGSAYITAIAEGWKTESGAYNFGGGSDANAGADDWMFGLDMLSDPEVLYTNLVIAGNAAAEEVSIASTVQKYAIDSVGNVRQDCVVFVSPPQSLIVNKQAGTAVANIQGWRTGIDPTNGQAVVDNLNVSTTYAVIDGNYKYQYDKYNDRNRWVPLAGDIAGLCAYTDQVSQPWMSPAGFNRGQIKGVNRLAVDLRRAHRDALYQIGINPVVGFAGQGFVLYGDKTATQQASAFDRINVRRLFNLLKKAISDAAKYRLFELNDEFTRSSFKSEIDAYLTNIQDLGGVYDFRVVCDETNNPGSVIDRNEFVASIYVKPAKSINFITLNFVATSTDADFAEIIG,1
789,MTNWDPNHPSLRSPIAPHETACVLRMHRAGYKGRATMKILKLRGTRLMNQMQRALDAETHAARAGRPIHDALIDPKKVK,0
790,MTNYSSVGRLCRVVNKYKSDFDVNIHRGTFWGNYVGKDAGSREAAIELFKKDFIRRIKSGEITKAHLEPLRGMRLGCTCKPKPCHGDIIAHIVNRLFKDDFQVEDLCN,0
791,MTPKPIRVFVYKNLHRTHREGKPWYSVQALEGDFKGRVIHRSGHVLLAHAKGVVRPAGRDKVRRERRKVVHAGIVGELISLLPQDFVGSKIAYNPYENDTFVHANTQAPFLGADRVYLSDSGVRAA,0
792,MTQFDKQYNSIIKDIINNGISDEEFDVRTKWDSDGTPAHTLSVMSKQMRFDNSEVPILTTKKVAWKTAIKELLWIWQLKSNDVTELNKMGVHIWDQWKQEDGTIGHAYGFQLGKKNRSLNGEKVDQVDYLLHQLKNNPSSRRHITMLWNPDDLDAMALTPCVYETQWYVKQGKLHLEVRARSNDMALGNPFNVFQYNVLQRMIAQVTGYELGEYIFNIGDCHVYTRHIDNLKIQMEREQFEAPELWINPEVKDFYNFTVDDFKLINYKHGDKLLFEVAV,0
793,MTQIKLPLRSVSQINQYTKCPMAYKLARIDKVWQRPAAWLPQGTAFHAVAEAVEVWESYGMPLTLDEAKDMFRWHYANDVGAFTEETPNFEWWTWSGPYNGQRDIERRYTVGLEQVEKFFAWRGTPGQEIWVTPDGTPAIELYFEIELDGILVRGYIDAVVVVDGELRVRDYKTGNQPGDDFQLGVYALAVAMTYGVEAPKTGDYFMVGKKGKAPKPTKPYDLTKWTREAITEEFHRVEEGIAASMFDPLPEPDKCKFCDVSYSCPVFK,0
794,MTVKAPSVTSLRISKLSANQVQVRWDDVGANFYYFVEIAETKTNSGENLPSNQYRWINLGYTANNSFFFDDADPLTTYIIRVATAAQDFEQSDWIYTEEFETFATNAYTFQNMIEMQLANKFIQEKFTLNNSDYVNFNNDTIMAALMNESFQFSPSYVDVSSISNFIIGENEYHEIQGSIQQVCKDINRVYLMESEGILYLFERYQPVVKVSNDKGQTWKAVKLFNDRVGYPLSKTVYYQSANTTYVLGYDKIFYGRKSTDVRWSADDVRFSSQDITFAKLGDQLHLGFDVEIFATYATLPANVYRIAEAITCTDDYIYVVARDKVRYIKTSNALIDFDPLSPTYSERLFEPDTMTITGNPKAVCYKMDSICDKVFALIIGEVETLNANPRTSKIIDSADKGIYVLNHDEKTWKRVFGNTEEERRRIQPGYANMSTDGKLVSLSSSNFKFLSDNVVNDPETAAKYQLIGAVKYEFPREWLADKHYHMMAFIADETSDWETFTPQPMKYYAEPFFNWSKKSNTRCWINNSDRAVVVYADLKYTKVIENIPETSPDRLVHEYWDDGDCTIVMPNVKFTGFKKYASGMLFYKASGEIISYYDFNYRVRDTVEIIWKPTEVFLKAFLQNQEHETPWSPEEERGLADPDLRPLIGTMMPDSYLLQDSNFEAFCEAYIQYLSDGYGTQYNNLRNLIRNQYPREEHAWEYLWSEIYKRNIYLNADKRDAVARFFESRSYDFYSTKGIEASYKFLFKVLYNEEVEIEIESGAGTEYDIIVQSDSLTEDLVGQTIYTATGRCNVTYIERSYSNGKLQWTVTIHNLLGRLIAGQEVKAERLPSFEGEIIRGVKGKDLLQNNIDYINRSRSYYVMKIKSNLPSSRWKSDVIRFVHPVGFGFIAITLLTMFINVGLTLKHTETIINKYKNYKWDSGLPTEYADRIAKLTPTGEIEHDSVTGEAIYEPGPMAGVKYPLPDDYNAENNNSIFQGQLPSERRKLMSPLFDASGTTFAQFRDLVNKRLKDNIGNPRDPENPTQVKIDE,1
795,MTVVLDSKDLARIDEEYKADSQVWSYLTGGNGVSAADFVGANEVRINKLSGFVDAAAYQRGQDNARHTISVDKETVKLTHEDWFGYDLDQFDMDENGAYTVENVVREHNKMITIPHRDKVAVQKLFDSAAKKATDSITKDNALDAYDTAEAYMFDNEVPGGFVMFVSSAYYTALKQSAAVTRTFSTDGTMAINGIDRRVAQLDGGVPIVRVSSDRLKGLGITDHVNFILTPLSAIAPIVKYDSVSVIDPSTDRSGNRWTIKGLSYYDAIVLDNAKKGIYVAATAGA,0
796,MTVVLDSKDLARIDEEYKADSQVWSYLTGGNGVTQRFRGHNEVRINKLSGFVDATAYKRGQDNARKTISVGKETVKLTHEDWFGYDLDQFDMDENGAYTVENVVREHNKMITIPHRDKVAVQKLFDSAAKKATDSITKDNALDAYDTAEAYMFDNEVPGGFVMFVSSAYYTALKQSAAVTRTFSTDGTMVINGIDRRVAQLDGGVPIVRVSSDRLKGLGITNHVNFILTPLSAIAPIVKYDSVSVIDPSTDRSGNRWTIKGLSYYDAIVLDNAKKGIYVAATAGV,0
797,MTWDDHKKNFARLARDGGYTIAQYAAEFNLNPNTARRYLRAFKEDTRTADSRKPNKPVRKPLKSMIIDHSNDQHAGDHIAAEIAEKQRVNAVVSAAVENAKRQNKRINDRSDDHDVINRAHRTLRDRLERDTLDDDGERFEFEAGDYLIDNVEARKAARAMLRRSGADVLETTLLEKSLSHLLMLENARDTCIRLVQEMRDQQKDDDEGTPPEYRIASMLNSCSAQISSLINTIYSIRNNYRKESREAEKHALSMGQAGIVKLAYERKRENNWSVLEAAEFIEAHGGKVPPLMLEQIKADLRAPKTNTDDEENQTASGAPSLEDLDKIARERAASRRADAALWIEHRREEIADIVDTGGYGDVDAEGISNEAWLEQDLDEDEEEDEEVTRKLYGDDD,0
798,MTWDDHKKNFARLARDGGYTIAQYAAEFNLNPNTARRYLRAFKEDTRTTDSRKPNKPVRKPLKSMIIDHSNDQHAGDHIAAEIAEKERVNAVVSAAVENAKRQNKRINDRSDDHDVITRAHRTLRDRLERDTLDDDGERFEFEVGDYLIDNVEARKAARAMLRRSGADVLETTLLEKSLSHLLMLENARDTCIRLVQEMRDQQKDDDEGTPPEYRIASMLNSCSAQISSLINTIYSIRNNYRKESREAEKHALSMGQAGIVKLAYERKRENNWSVLEAAEFIEAHGGKVPPLMLEQIKADLRAPKTNTDDEENQTASGAPSLEDLDKIARERAASRRADAALWIEHRREEIADIVDTGGYGDVDAEGISNEAWLEQDLDEDEEEDEEVTRKLYGDDD,0
799,MTWDDHKKNFARLARDGGYTIAQYAAEFNLNPNTARRYLRAFKEDTRTTDSRKPNKPVRKPLKSMIIDHSNDQHAGDHIAAEIAEKQRVNAVVSAAVENAKRQNKRINDRSDDHDVITRAHRTLRDRLERDTLDDDGERFEF,0
800,MVEIILSHLIFDQAYFSKVWPYMDSEYFESGPAKNTFKLIKSHVNEYHSVPSINALNVALENSSFTETEYSGVKTLISKLADSPEDHSWLVKETEKYVQQRAMFNATSKIIEIQTNAELPPEKRNKKMPDVGAIPDIMRQALSISFDSYVGHDWMDDYEARWLSYMNKARKVPFKLRILNKITKGGAETGTLNVLMAGVNVGKSLGLCSLAADYLQLGHNVLYISMEMAEEVCAKRIDANMLDVSLDDIDDGHISYAEYKGKMEKWREKSTLGRLIVKQYPTGGADANTFRSLLNELKLKKNFVPTIIIVDYLGICKSCRIRVYSENSYTTVKAIAEELRALAVETETVLWTAAQVGKQAWDSSDVNMSDIAESAGLPATADFMLAVIETEELAAAEQQLIKQIKSRYGDKNKWNKFLMGVQKGNQKWVEIEQDSTPTEVNEVAGSQQIQAEQNRYQRNESTRAQLDALANELKF,0
801,MVEINNQRKAFLDMLAWSEGTDNGRQKTRNHGYDVIVGGELFTDYSDHPRKLVTLNPKLKSTGAGRYQLLSRWWDAYRKQLGLKDFSPKSQDAVALQQIKERGALPMIDRGDIRQAIDRCSNIWASLPGAGYGQFEHKADSLIAKFKEAGGTVREIDV,0
802,MVIGLLKYLTPAVKVQMAARALGLSPAEVAAIDGTLGRVSAMPAVAVVLGGKPLSLATIASVVSDANPSATVGALMPAVQGMVSSDEGASALAKTVVGFMESDPNSDVLVQLLHKVSNLPIVGFGDTQYADPADFLAKGVFPLIRKPEVEVQAAPFTCRQCDHVDHITDVPQTSTFVHKCTSCGFVQMVHRKDVP,1
803,MVIIKYTTKTQPTPVKEMFISPQHYAKWRSHMGSKLTSVKPIKGGR,0
804,MVNWELLKNPINWLIVILMLTIAGMAATLVCNHFGKNAVTSE,0
805,MVYVSNKYLTMSEMKVNAQYILNYLSNNGWTKQAICGMLGNMQSESTINPGLWQNLDEGNTSLGFGLVQWTPASNYINWANNQGIPYKNMDSELKRIIWEVNNNAQWNNLRDMTFKEYIKSTKTPRELAMIFLASYERPANPNQPVRGDQAEYWYKNLSGGGGGGLQLAQFPMDIINITQGENGSFSHKGTLCIDFVGKTEKYPYYAPCDCTCVWRGDASAYLAWTSDKEVMCADGSVRYITWVNVHESPLPFDVGKKLKKGDLMGHTGIGGNVTGDHWHFNVIDGKEYQGWTKKPDSCLAGTELHIYDVFAVNNVEIINGNGYDWKTSDWQDGDGGDGGDDNENNKTKDLITLLLSDALHGWKA,1
806,MVYVSNKYLTMSEMKVNAQYILNYLSSNGWTKQAICGMLGNMQSESTINPGLWQNLDEGNTSLGFGLVQWTPASNYINWANSQGLPYKDMDSELKRIIWEVNNNAQWINLRDMTFKEYIKSTKTPRELAMIFLASYERPANPNQPERGDQAEYWYKNLSGGGGGGLQLAQFPMDIINISQGENGSFSHKGTLCIDFVGKTEKYPYYAPCDCTCVWRGDASAYLAWTSDKEVMCADGSVRYITWVNVHESPLPFDVGKKLKKGDLMGHTGIGGNVTGDHWHFNVIDGKEYQGWTKKPDSCLAGTELHIYDVFAVNNVEIINGNGYDWKTSDWQDGDGGDGDDDNDNNKTKDLITLLLSDALHGWKA,1
807,MWMNFESLQIARAYLFGEVKYLDLMLVLNIIDIITGVIKAWKFKELRSRSAWFGYVRKMLSFLVVIVANAIDTIMDLNGVLTFATVLFYIANEGLSITENLAQIGVKIPAVITDRLHVIESDNDQKTEKDDQAAG,0
808,MWSRKDHMRIQSTLNGGFAEVSEEFAKQLIATGGWKVPRKPRNTKTKTAPEEPKNEE,0
809,MYEYKFDVRVGSKIINCRAFTLKEYLELITAKNNGSVEVIVKKLIKDCTNAKDLNRQESELLLIHLWAHSLGEVNHENSWKCTCGTEIPTHINLLHTQIDAPEDLWYTLGDIKIKFRYPKIFDDKNIAHMIVSCIETIHANGESIPVEDLNEKELEDLYSIITESDIVAIKDMLLKPTVYLAVPIKCPECGKTHAHVIRGLKEFFELL,0
810,SGVGDGVDVVSAIEGAAGPIAAIGGAVLTVMVGIKVYKWVRRAM,0
